timestamp,pod_name,namespace,log_level,message,score_pca,anomaly_vote_count
2025-11-11T14:46:28.594Z,orders-02,staging,WARN,2025-11-11T14:46:28.594Z WARN [orders-02] ERROR: Segmentation fault (core dumped) in worker thread,0.9999999999999998,8
2025-11-12T02:44:51.724Z,orders-09,staging,WARN,2025-11-12T02:44:51.724Z WARN [orders-09] ERROR: OOMKilled - process terminated due to out-of-memory,0.9960709262047664,7
2025-11-06T00:36:27.125Z,orders-12,prod,WARN,2025-11-06T00:36:27.125Z WARN [orders-12] ERROR: ImagePullBackOff: failed to pull image myorg/auth:0.9.8,0.9683767901164526,7
2025-11-06T13:59:42.322Z,nginx-frontend-10,prod,WARN,2025-11-06T13:59:42.322Z WARN [nginx-frontend-10] ERROR: OOMKilled - process terminated due to out-of-memory,0.9646700803148589,8
2025-11-06T01:38:07.600Z,payments-11,prod,WARN,2025-11-06T01:38:07.600Z WARN [payments-11] ERROR: OOMKilled - process terminated due to out-of-memory,0.9596177817101676,6
2025-11-09T03:48:55.173Z,orders-16,staging,WARN,2025-11-09T03:48:55.173Z WARN [orders-16] ERROR: connection refused from db.internal:8080,0.9481473367862858,7
2025-11-08T00:57:44.002Z,backend-api-07,prod,WARN,2025-11-08T00:57:44.002Z WARN [backend-api-07] ERROR: Segmentation fault (core dumped) in worker thread,0.9454469367605431,6
2025-11-07T20:16:41.167Z,auth-service-04,dev,WARN,2025-11-07T20:16:41.167Z WARN [auth-service-04] ERROR: ImagePullBackOff: failed to pull image myorg/payments:2.1.0,0.9447635100756167,4
2025-11-07T05:48:29.643Z,backend-api-09,dev,WARN,2025-11-07T05:48:29.643Z WARN [backend-api-09] ERROR: ImagePullBackOff: failed to pull image myorg/payments:2.1.0,0.9425057893238817,4
2025-11-12T02:05:27.687Z,nginx-frontend-20,staging,WARN,2025-11-12T02:05:27.687Z WARN [nginx-frontend-20] ERROR: OOMKilled - process terminated due to out-of-memory,0.9405281011035271,7
2025-11-12T07:38:03.964Z,backend-api-10,dev,WARN,2025-11-12T07:38:03.964Z WARN [backend-api-10] ERROR: OOMKilled - process terminated due to out-of-memory,0.9345298028773332,4
2025-11-08T21:29:24.635Z,backend-api-18,prod,WARN,2025-11-08T21:29:24.635Z WARN [backend-api-18] ERROR: ImagePullBackOff: failed to pull image myorg/payments:2.1.0,0.9328916150993012,7
2025-11-11T01:33:39.471Z,nginx-frontend-04,prod,WARN,2025-11-11T01:33:39.471Z WARN [nginx-frontend-04] Loaded config from /etc/config/env.yml,0.9294371236739256,7
2025-11-12T12:19:21.008Z,nginx-frontend-14,prod,WARN,2025-11-12T12:19:21.008Z WARN [nginx-frontend-14] ERROR: CrashLoopBackOff: container restarted 8 times,0.9293422865618968,7
2025-11-10T02:32:59.252Z,payments-05,prod,WARN,2025-11-10T02:32:59.252Z WARN [payments-05] ERROR: database deadlock detected; rolling back transaction,0.9207450641315529,6
2025-11-09T19:41:42.913Z,nginx-frontend-14,prod,WARN,2025-11-09T19:41:42.913Z WARN [nginx-frontend-14] ERROR: 503 Service Unavailable - downstream overloaded,0.9196792139813585,6
2025-11-12T08:16:11.156Z,nginx-frontend-12,staging,WARN,2025-11-12T08:16:11.156Z WARN [nginx-frontend-12] Cache hit for key=session:7910; ttl=229s,0.9126319690476479,7
2025-11-08T04:00:14.200Z,nginx-frontend-06,staging,WARN,2025-11-08T04:00:14.200Z WARN [nginx-frontend-06] ERROR: 5xx gateway error from upstream cache.internal:9000 - response=502 Bad Gateway,0.9113883640449234,8
2025-11-06T08:49:17.509Z,orders-10,dev,WARN,2025-11-06T08:49:17.509Z WARN [orders-10] Loaded config from /etc/config/db.yml,0.9042032424406437,4
2025-11-11T11:59:08.417Z,backend-api-17,prod,WARN,2025-11-11T11:59:08.417Z WARN [backend-api-17] ERROR: database deadlock detected; rolling back transaction,0.9040651085796256,7
2025-11-09T11:31:32.480Z,orders-01,dev,WARN,2025-11-09T11:31:32.480Z WARN [orders-01] Loaded config from /etc/config/db.yml,0.8957484448336153,4
2025-11-06T20:30:07.854Z,payments-03,prod,WARN,2025-11-06T20:30:07.854Z WARN [payments-03] Completed 304 GET /metrics in 277ms,0.8930695631578713,6
2025-11-10T22:12:09.302Z,auth-service-18,staging,WARN,2025-11-10T22:12:09.302Z WARN [auth-service-18] ERROR: Segmentation fault (core dumped) in worker thread,0.8923664932442235,5
2025-11-06T20:10:23.280Z,auth-service-03,staging,WARN,2025-11-06T20:10:23.280Z WARN [auth-service-03] ERROR: database deadlock detected; rolling back transaction,0.8902148291765475,7
2025-11-10T17:49:18.460Z,orders-08,dev,WARN,2025-11-10T17:49:18.460Z WARN [orders-08] Loaded config from /etc/config/db.yml,0.8893599317566492,4
2025-11-11T03:24:38.352Z,nginx-frontend-18,prod,WARN,2025-11-11T03:24:38.352Z WARN [nginx-frontend-18] Completed 200 DELETE /api/v1/items in 214ms,0.8888890289636662,6
2025-11-07T09:37:03.709Z,backend-api-15,dev,WARN,2025-11-07T09:37:03.709Z WARN [backend-api-15] Background job report-generator completed in 291ms,0.8870790615751678,5
2025-11-12T05:12:25.382Z,nginx-frontend-19,staging,WARN,2025-11-12T05:12:25.382Z WARN [nginx-frontend-19] ERROR: 503 Service Unavailable - downstream overloaded,0.8838933903861659,5
2025-11-12T05:50:03.921Z,nginx-frontend-05,staging,WARN,2025-11-12T05:50:03.921Z WARN [nginx-frontend-05] Cache hit for key=session:6277; ttl=3423s,0.880943459780007,6
2025-11-08T01:02:39.189Z,orders-04,dev,DEBUG,2025-11-08T01:02:39.189Z DEBUG [orders-04] Loaded config from /etc/config/db.yml,0.879941449621436,4
