timestamp,pod_name,namespace,log_level,message,score_hbos,anomaly_vote_count
2026-01-01T00:00:02.000Z,shakespeare,poetry,INFO,"To be, or not to be, that is the question: Whether tis nobler in the mind to suffer",0.9999999999999999,10
2026-01-01T00:00:06.000Z,spam,inbox,ADS,"CONGRATULATIONS! You have won $1,000,000 in the Nigerian Prince Lottery. Click here to claim your prize!",0.9912898490048698,10
2026-01-01T00:00:05.000Z,philosopher,athens,DEEP,What is the meaning of life? Is it 42? Or is it just a simulation running on a giant turtle?,0.9912898490048698,10
2026-01-01T00:00:01.000Z,aliens,ufo,WEIRD,I love eating pizza with pineapples on mars while riding a dinosaur.,0.8587541128959242,10
2026-01-01T00:00:10.000Z,random,keyboard,TYPO,asdfghjkl qwertyuiop zxcvbnm 1234567890 !@#$%^&*()_+,0.8587541128959242,10
2025-11-06T23:59:58.000Z,kubelet-node-1,kube-system,ERROR,ERROR [kubelet-node-1] NODE COMPROMISED: Unauthorized container breakout detected. Host filesystem mounted with write permissions.,0.8424176152350217,8
2025-11-06T23:59:53.000Z,k8s-apiserver,kube-system,FATAL,FATAL [k8s-apiserver] etcd cluster quorum lost! All control plane nodes are unresponsive. Cluster state is corrupted.,0.8292992576601887,10
2025-11-12T00:48:12.609Z,orders-08,prod,DEBUG,2025-11-12T00:48:12.609Z DEBUG [orders-08] Background job report-generator completed in 382ms,0.7124228559580181,2
2025-11-09T02:33:22.202Z,backend-api-20,prod,DEBUG,2025-11-09T02:33:22.202Z DEBUG [backend-api-20] Completed 200 POST /api/v1/payments in 257ms,0.7045270777373401,2
2025-11-11T09:05:27.350Z,orders-06,prod,DEBUG,2025-11-11T09:05:27.350Z DEBUG [orders-06] Established connection to upstream inventory.internal:9000,0.6866500569349892,3
2025-11-06T23:59:56.000Z,nginx-ingress,kube-system,CRITICAL,CRITICAL [nginx-ingress] DDoS ATTACK DETECTED: 100Gbps traffic spike overwhelming the ingress controller. Dropping all packets.,0.6769170370047518,10
2025-11-12T22:24:58.745Z,payments-15,prod,DEBUG,"2025-11-12T22:24:58.745Z DEBUG [payments-15] Health check passed: ready=true, status=200",0.6765432630538422,2
2025-11-07T15:32:30.944Z,orders-16,prod,DEBUG,2025-11-07T15:32:30.944Z DEBUG [orders-16] User 60023 authenticated successfully,0.666262403291705,5
2025-11-07T03:49:58.753Z,orders-13,prod,DEBUG,2025-11-07T03:49:58.753Z DEBUG [orders-13] Cache hit for key=session:5490; ttl=1909s,0.6637742754979556,3
2025-11-11T21:42:05.259Z,payments-15,prod,DEBUG,2025-11-11T21:42:05.259Z DEBUG [payments-15] Cache hit for key=session:2847; ttl=1135s,0.6637742754979556,2
2025-11-10T16:51:12.823Z,nginx-frontend-07,prod,DEBUG,2025-11-10T16:51:12.823Z DEBUG [nginx-frontend-07] Cache hit for key=session:1890; ttl=2683s,0.6620873420419848,4
2025-11-12T09:01:56.225Z,backend-api-17,prod,DEBUG,"2025-11-12T09:01:56.225Z DEBUG [backend-api-17] Health check passed: ready=true, status=200",0.6619891981553141,2
2026-01-01T00:00:07.000Z,toddler,playground,SCREAM,Waaaaah! I want my toy! No! Mine! Waaaaaah! Gimme!,0.6588460134305969,10
2025-11-06T23:59:50.000Z,unknown-hacker-pod,kube-system,CRITICAL,CRITICAL [kube-system] UNAUTHORIZED ROOT ACCESS DETECTED: Multiple failed SSH login attempts followed by successful bypass. Possible bitcoin miner payload injected.,0.6588460134305969,10
2025-11-11T13:07:27.844Z,backend-api-11,prod,DEBUG,2025-11-11T13:07:27.844Z DEBUG [backend-api-11] Started request GET /api/v1/payments from 10.0.4.33 in 235ms,0.6573537381020143,2
2025-11-06T00:14:44.720Z,orders-12,prod,DEBUG,2025-11-06T00:14:44.720Z DEBUG [orders-12] Started request POST /checkout from 10.0.3.33 in 307ms,0.6573537381020143,2
2025-11-08T15:21:32.653Z,payments-15,prod,DEBUG,2025-11-08T15:21:32.653Z DEBUG [payments-15] Established connection to upstream cache.internal:6379,0.6498350859207322,2
2025-11-12T05:26:49.820Z,backend-api-01,prod,DEBUG,2025-11-12T05:26:49.820Z DEBUG [backend-api-01] Loaded config from /etc/config/app.yml,0.6498350859207322,2
2026-01-01T00:00:03.000Z,chef,kitchen,COOKING,"Recipe: Add 2 cups of flour, 3 eggs, and a dash of cinnamon. Bake at 350F for 45 minutes.",0.6446344792875593,10
2026-01-01T00:00:04.000Z,cat,living-room,MEOW,Meow meow meow purr purr hiss scratch sofa meow.,0.6446344792875593,10
2026-01-01T00:00:08.000Z,gandalf,moria,MAGIC,"YOU SHALL NOT PASS! The dark fire will not avail you, flame of Udun. Go back to the Shadow!",0.6446344792875593,10
2026-01-01T00:00:09.000Z,mechanic,garage,CAR,"The carburetor is busted, the timing belt snapped, and the blinker fluid is completely empty.",0.6446344792875593,10
2025-11-12T17:03:31.750Z,backend-api-01,prod,DEBUG,"2025-11-12T17:03:31.750Z DEBUG [backend-api-01] Graceful shutdown initiated, waiting for connections to drain",0.6410080222002243,2
2025-11-07T23:42:26.825Z,auth-service-14,prod,DEBUG,2025-11-07T23:42:26.825Z DEBUG [auth-service-14] Opening database transaction; connection_id=7708,0.6410080222002243,3
2025-11-07T06:23:00.691Z,orders-06,prod,DEBUG,2025-11-07T06:23:00.691Z DEBUG [orders-06] Opening database transaction; connection_id=9591,0.6410080222002243,2
2025-11-08T22:56:40.128Z,orders-07,prod,DEBUG,"2025-11-08T22:56:40.128Z DEBUG [orders-07] Graceful shutdown initiated, waiting for connections to drain",0.6410080222002243,2
2025-11-06T14:08:21.475Z,payments-02,prod,DEBUG,2025-11-06T14:08:21.475Z DEBUG [payments-02] Loaded config from /etc/config/app.yml,0.636724766161279,2
2025-11-12T04:52:06.024Z,payments-01,prod,DEBUG,2025-11-12T04:52:06.024Z DEBUG [payments-01] User 88880 authenticated successfully,0.636724766161279,2
2025-11-09T22:01:24.979Z,nginx-frontend-04,prod,DEBUG,"2025-11-09T22:01:24.979Z DEBUG [nginx-frontend-04] Graceful shutdown initiated, waiting for connections to drain",0.6311894634864165,3
2025-11-10T03:14:21.189Z,orders-16,prod,DEBUG,2025-11-10T03:14:21.189Z DEBUG [orders-16] Opening database transaction; connection_id=2161,0.6307271624380871,2
2025-11-08T10:06:14.160Z,orders-16,prod,DEBUG,2025-11-08T10:06:14.160Z DEBUG [orders-16] Loaded config from /etc/config/app.yml,0.6307271624380871,3
2025-11-08T06:44:22.109Z,backend-api-06,prod,DEBUG,2025-11-08T06:44:22.109Z DEBUG [backend-api-06] Opening database transaction; connection_id=8808,0.6227855765840558,3
2025-11-07T07:05:54.645Z,payments-16,prod,DEBUG,2025-11-07T07:05:54.645Z DEBUG [payments-16] Loaded config from /etc/config/env.yml,0.6218184972483964,3
2025-11-11T15:03:28.713Z,nginx-frontend-11,prod,DEBUG,"2025-11-11T15:03:28.713Z DEBUG [nginx-frontend-11] Health check passed: ready=true, status=200",0.6212748140251761,3
2025-11-12T18:36:50.799Z,nginx-frontend-18,prod,DEBUG,2025-11-12T18:36:50.799Z DEBUG [nginx-frontend-18] Completed 200 DELETE /health in 102ms,0.6062781430940994,2
2025-11-11T19:27:58.111Z,nginx-frontend-08,prod,DEBUG,"2025-11-11T19:27:58.111Z DEBUG [nginx-frontend-08] Health check passed: ready=true, status=200",0.6062781430940994,2
2025-11-09T00:23:10.079Z,orders-04,prod,DEBUG,2025-11-09T00:23:10.079Z DEBUG [orders-04] Opening database transaction; connection_id=1877,0.6062781430940994,3
2025-11-10T11:30:42.955Z,payments-03,prod,DEBUG,"2025-11-10T11:30:42.955Z DEBUG [payments-03] Health check passed: ready=true, status=200",0.5961713492129523,2
2025-11-11T14:30:02.291Z,backend-api-13,prod,DEBUG,"2025-11-11T14:30:02.291Z DEBUG [backend-api-13] Graceful shutdown initiated, waiting for connections to drain",0.5913695259883266,3
2025-11-06T23:59:55.000Z,db-primary-0,prod,ERROR,ERROR [db-primary-0] RANSOMWARE ACTIVITY DETECTED: Rapid sequential encryption of database files in /var/lib/postgresql/data.,0.5841542046916319,8
2025-11-09T06:23:54.567Z,orders-04,prod,DEBUG,"2025-11-09T06:23:54.567Z DEBUG [orders-04] Health check passed: ready=true, status=200",0.5834023616570658,3
2025-11-06T23:59:57.000Z,billing-service,prod,FATAL,FATAL [billing-service] ALL DATABASES DROPPED: Received unauthorized DROP DATABASE command for all production clusters.,0.571035847116799,10
2025-11-13T03:43:16.938Z,orders-03,prod,DEBUG,2025-11-13T03:43:16.938Z DEBUG [orders-03] Opening database transaction; connection_id=5576,0.5694631720798425,3
2025-11-13T09:33:26.054Z,payments-19,prod,DEBUG,2025-11-13T09:33:26.054Z DEBUG [payments-19] Completed 200 GET /health in 378ms,0.5633513580745262,2
2025-11-09T08:03:24.230Z,orders-10,prod,DEBUG,2025-11-09T08:03:24.230Z DEBUG [orders-10] Opening database transaction; connection_id=1681,0.5545545549740697,3
2025-11-11T12:52:48.973Z,payments-12,prod,DEBUG,2025-11-11T12:52:48.973Z DEBUG [payments-12] Loaded config from /etc/config/app.yml,0.5494121684973028,2
2025-11-07T16:54:07.578Z,payments-14,prod,DEBUG,2025-11-07T16:54:07.578Z DEBUG [payments-14] Cache hit for key=session:2514; ttl=2036s,0.5494121684973028,3
2025-11-08T21:46:27.067Z,payments-06,prod,DEBUG,2025-11-08T21:46:27.067Z DEBUG [payments-06] User 73077 authenticated successfully,0.5494121684973028,3
2025-11-11T07:31:34.818Z,auth-service-04,prod,DEBUG,2025-11-11T07:31:34.818Z DEBUG [auth-service-04] Opening database transaction; connection_id=3572,0.5457274912535617,2
2025-11-11T04:05:14.887Z,backend-api-18,prod,DEBUG,"2025-11-11T04:05:14.887Z DEBUG [backend-api-18] Graceful shutdown initiated, waiting for connections to drain",0.5405851047767948,2
2025-11-11T04:50:07.806Z,nginx-frontend-04,prod,DEBUG,2025-11-11T04:50:07.806Z DEBUG [nginx-frontend-04] Opening database transaction; connection_id=2591,0.5405851047767948,3
2025-11-11T23:58:26.660Z,nginx-frontend-03,prod,DEBUG,2025-11-11T23:58:26.660Z DEBUG [nginx-frontend-03] Opening database transaction; connection_id=8326,0.5405851047767948,2
2025-11-06T23:59:51.000Z,backend-api-01,prod,FATAL,"FATAL [backend-api-01] KERNEL PANIC: CPU temperature exceeded 105C, physical hardware damage imminent. Initiating emergency hardware shutdown sequence.",0.49425850306721364,10
2025-11-11T14:46:28.594Z,orders-02,staging,WARN,2025-11-11T14:46:28.594Z WARN [orders-02] ERROR: Segmentation fault (core dumped) in worker thread,0.4882677099121886,3
2025-11-06T19:39:53.343Z,nginx-frontend-20,dev,INFO,"2025-11-06T19:39:53.343Z INFO [nginx-frontend-20] Graceful shutdown initiated, waiting for connections to drain",0.48415191232647237,4
2025-11-06T23:59:59.000Z,ci-cd-pipeline,dev,CRITICAL,CRITICAL [ci-cd-pipeline] MALICIOUS CODE INJECTION: Found unexpected base64 encoded payload in the build artifact before deployment.,0.4780535901996654,10
2025-11-12T02:44:51.724Z,orders-09,staging,WARN,2025-11-12T02:44:51.724Z WARN [orders-09] ERROR: OOMKilled - process terminated due to out-of-memory,0.4748771120276287,5
2025-11-06T23:59:52.000Z,payments-11,prod,ERROR,ERROR [payments-11] SEVERE DATA LEAK: Unencrypted credit card payloads are being transmitted to external IP 185.199.108.153.,0.46614273947938334,3
2025-11-12T13:42:56.980Z,nginx-frontend-16,staging,INFO,2025-11-12T13:42:56.980Z INFO [nginx-frontend-16] Loaded config from /etc/config/app.yml,0.4530167463390029,4
2025-11-09T21:53:51.718Z,nginx-frontend-12,prod,INFO,2025-11-09T21:53:51.718Z INFO [nginx-frontend-12] Loaded config from /etc/config/app.yml,0.4530167463390029,4
2025-11-07T15:14:36.256Z,nginx-frontend-16,dev,INFO,2025-11-07T15:14:36.256Z INFO [nginx-frontend-16] Cache hit for key=session:6303; ttl=3029s,0.4530167463390029,4
2025-11-12T07:11:27.269Z,nginx-frontend-12,staging,INFO,"2025-11-12T07:11:27.269Z INFO [nginx-frontend-12] Graceful shutdown initiated, waiting for connections to drain",0.4530167463390029,4
2025-11-07T00:28:49.547Z,nginx-frontend-05,dev,INFO,2025-11-07T00:28:49.547Z INFO [nginx-frontend-05] Loaded config from /etc/config/app.yml,0.4497058216341082,4
2025-11-08T17:23:46.027Z,nginx-frontend-05,staging,INFO,2025-11-08T17:23:46.027Z INFO [nginx-frontend-05] Loaded config from /etc/config/app.yml,0.4497058216341082,4
2025-11-12T07:03:30.443Z,nginx-frontend-02,dev,ERROR,2025-11-12T07:03:30.443Z ERROR [nginx-frontend-02] ERROR: request timeout after 2741ms while calling inventory,0.44373723817089206,3
2025-11-07T18:55:35.361Z,payments-08,dev,ERROR,2025-11-07T18:55:35.361Z ERROR [payments-08] ERROR: request timeout after 4608ms while calling payments,0.44373723817089206,4
2025-11-12T06:51:55.151Z,orders-15,prod,INFO,"2025-11-12T06:51:55.151Z INFO [orders-15] Graceful shutdown initiated, waiting for connections to drain",0.4339172921061646,4
2025-11-11T00:44:09.179Z,orders-15,dev,INFO,"2025-11-11T00:44:09.179Z INFO [orders-15] Health check passed: ready=true, status=200",0.4339172921061646,4
2025-11-12T17:41:59.462Z,nginx-frontend-01,staging,WARN,2025-11-12T17:41:59.462Z WARN [nginx-frontend-01] Opening database transaction; connection_id=6757,0.4299263563457797,7
2025-11-13T08:29:48.735Z,nginx-frontend-01,prod,INFO,2025-11-13T08:29:48.735Z INFO [nginx-frontend-01] Completed 200 DELETE /api/v1/payments in 36ms,0.4298307511555862,4
2025-11-06T17:47:02.272Z,nginx-frontend-19,prod,INFO,"2025-11-06T17:47:02.272Z INFO [nginx-frontend-19] Graceful shutdown initiated, waiting for connections to drain",0.42263002624753376,2
2025-11-07T22:19:46.118Z,payments-08,prod,INFO,"2025-11-07T22:19:46.118Z INFO [payments-08] Graceful shutdown initiated, waiting for connections to drain",0.4219328079979674,4
2025-11-06T21:01:54.711Z,payments-08,staging,INFO,2025-11-06T21:01:54.711Z INFO [payments-08] Established connection to upstream db.internal:5432,0.4219328079979674,4
2025-11-07T10:28:19.369Z,nginx-frontend-02,dev,INFO,2025-11-07T10:28:19.369Z INFO [nginx-frontend-02] Background job reindex completed in 352ms,0.4219328079979674,4
2025-11-12T08:36:35.034Z,nginx-frontend-02,prod,INFO,2025-11-12T08:36:35.034Z INFO [nginx-frontend-02] Established connection to upstream cache.internal:9000,0.4219328079979674,4
2025-11-11T23:02:38.448Z,payments-08,prod,INFO,2025-11-11T23:02:38.448Z INFO [payments-08] Background job cleanup completed in 17ms,0.4219328079979674,4
2025-11-06T15:09:42.140Z,nginx-frontend-04,dev,INFO,2025-11-06T15:09:42.140Z INFO [nginx-frontend-04] Loaded config from /etc/config/app.yml,0.41845394912817435,4
2025-11-08T17:15:44.591Z,nginx-frontend-13,prod,INFO,2025-11-08T17:15:44.591Z INFO [nginx-frontend-13] Loaded config from /etc/config/db.yml,0.41845394912817435,4
2025-11-06T23:59:54.000Z,auth-service-03,prod,CRITICAL,CRITICAL [auth-service-03] MASSIVE AUTHENTICATION FAILURE: 50000 login attempts blocked in the last 10 seconds from a single botnet.,0.41491067371987467,8
2025-11-07T13:58:28.780Z,backend-api-16,dev,INFO,2025-11-07T13:58:28.780Z INFO [backend-api-16] Background job reindex completed in 381ms,0.40341239222128455,4
2025-11-11T10:02:07.612Z,nginx-frontend-08,dev,INFO,2025-11-11T10:02:07.612Z INFO [nginx-frontend-08] Loaded config from /etc/config/env.yml,0.40341239222128455,4
2025-11-09T12:49:45.439Z,nginx-frontend-08,staging,INFO,2025-11-09T12:49:45.439Z INFO [nginx-frontend-08] Loaded config from /etc/config/env.yml,0.40341239222128455,4
