timestamp,pod_name,namespace,log_level,message,score_copod,anomaly_vote_count
2026-01-01T00:00:05.000Z,philosopher,athens,DEEP,What is the meaning of life? Is it 42? Or is it just a simulation running on a giant turtle?,1.0,10
2026-01-01T00:00:06.000Z,spam,inbox,ADS,"CONGRATULATIONS! You have won $1,000,000 in the Nigerian Prince Lottery. Click here to claim your prize!",0.95433786116773,10
2026-01-01T00:00:02.000Z,shakespeare,poetry,INFO,"To be, or not to be, that is the question: Whether tis nobler in the mind to suffer",0.9276272222481285,10
2026-01-01T00:00:01.000Z,aliens,ufo,WEIRD,I love eating pizza with pineapples on mars while riding a dinosaur.,0.8041303978205029,10
2026-01-01T00:00:10.000Z,random,keyboard,TYPO,asdfghjkl qwertyuiop zxcvbnm 1234567890 !@#$%^&*()_+,0.7584682589882328,10
2025-11-06T23:59:53.000Z,k8s-apiserver,kube-system,FATAL,FATAL [k8s-apiserver] etcd cluster quorum lost! All control plane nodes are unresponsive. Cluster state is corrupted.,0.6860954812363614,10
2025-11-06T23:59:58.000Z,kubelet-node-1,kube-system,ERROR,ERROR [kubelet-node-1] NODE COMPROMISED: Unauthorized container breakout detected. Host filesystem mounted with write permissions.,0.6404333424040913,8
2026-01-01T00:00:04.000Z,cat,living-room,MEOW,Meow meow meow purr purr hiss scratch sofa meow.,0.5912379089344052,10
2026-01-01T00:00:03.000Z,chef,kitchen,COOKING,"Recipe: Add 2 cups of flour, 3 eggs, and a dash of cinnamon. Bake at 350F for 45 minutes.",0.545575770102135,10
2026-01-01T00:00:09.000Z,mechanic,garage,CAR,"The carburetor is busted, the timing belt snapped, and the blinker fluid is completely empty.",0.5188651311825337,10
2026-01-01T00:00:08.000Z,gandalf,moria,MAGIC,"YOU SHALL NOT PASS! The dark fire will not avail you, flame of Udun. Go back to the Shadow!",0.499913631269865,10
2026-01-01T00:00:07.000Z,toddler,playground,SCREAM,Waaaaah! I want my toy! No! Mine! Waaaaaah! Gimme!,0.47320299235026364,10
2025-11-06T23:59:50.000Z,unknown-hacker-pod,kube-system,CRITICAL,CRITICAL [kube-system] UNAUTHORIZED ROOT ACCESS DETECTED: Multiple failed SSH login attempts followed by successful bypass. Possible bitcoin miner payload injected.,0.44088245155679817,10
2025-11-06T23:59:56.000Z,nginx-ingress,kube-system,CRITICAL,CRITICAL [nginx-ingress] DDoS ATTACK DETECTED: 100Gbps traffic spike overwhelming the ingress controller. Dropping all packets.,0.432085865262439,10
2025-11-06T23:59:57.000Z,billing-service,prod,FATAL,FATAL [billing-service] ALL DATABASES DROPPED: Received unauthorized DROP DATABASE command for all production clusters.,0.4297158208314594,10
2025-11-06T19:39:53.343Z,nginx-frontend-20,dev,INFO,"2025-11-06T19:39:53.343Z INFO [nginx-frontend-20] Graceful shutdown initiated, waiting for connections to drain",0.4261099102350857,4
2025-11-06T23:59:55.000Z,db-primary-0,prod,ERROR,ERROR [db-primary-0] RANSOMWARE ACTIVITY DETECTED: Rapid sequential encryption of database files in /var/lib/postgresql/data.,0.3928502682935485,8
2025-11-12T06:51:55.151Z,orders-15,prod,INFO,"2025-11-12T06:51:55.151Z INFO [orders-15] Graceful shutdown initiated, waiting for connections to drain",0.3802825607474552,4
2025-11-09T21:53:51.718Z,nginx-frontend-12,prod,INFO,2025-11-09T21:53:51.718Z INFO [nginx-frontend-12] Loaded config from /etc/config/app.yml,0.3557667482646446,4
2025-11-07T10:28:19.369Z,nginx-frontend-02,dev,INFO,2025-11-07T10:28:19.369Z INFO [nginx-frontend-02] Background job reindex completed in 352ms,0.35347623494913677,4
2025-11-08T17:23:46.027Z,nginx-frontend-05,staging,INFO,2025-11-08T17:23:46.027Z INFO [nginx-frontend-05] Loaded config from /etc/config/app.yml,0.33773942046167577,4
2025-11-12T07:11:27.269Z,nginx-frontend-12,staging,INFO,"2025-11-12T07:11:27.269Z INFO [nginx-frontend-12] Graceful shutdown initiated, waiting for connections to drain",0.33158373425719606,4
2025-11-07T04:53:16.812Z,nginx-frontend-18,dev,DEBUG,2025-11-07T04:53:16.812Z DEBUG [nginx-frontend-18] Background job reindex completed in 178ms,0.33060923279111876,5
2025-11-06T23:59:59.000Z,ci-cd-pipeline,dev,CRITICAL,CRITICAL [ci-cd-pipeline] MALICIOUS CODE INJECTION: Found unexpected base64 encoded payload in the build artifact before deployment.,0.31822791782683724,10
2025-11-12T13:42:56.980Z,nginx-frontend-16,staging,INFO,2025-11-12T13:42:56.980Z INFO [nginx-frontend-16] Loaded config from /etc/config/app.yml,0.31569681207343603,4
2025-11-07T03:51:58.640Z,auth-service-19,prod,INFO,2025-11-07T03:51:58.640Z INFO [auth-service-19] Started request GET /checkout from 10.0.1.32 in 439ms,0.3008851841049067,3
2025-11-07T02:42:38.735Z,nginx-frontend-01,staging,DEBUG,2025-11-07T02:42:38.735Z DEBUG [nginx-frontend-01] Established connection to upstream auth.internal:8080,0.29793950621498466,5
2025-11-11T00:44:09.179Z,orders-15,dev,INFO,"2025-11-11T00:44:09.179Z INFO [orders-15] Health check passed: ready=true, status=200",0.2955003023088589,4
2025-11-07T22:19:46.118Z,payments-08,prod,INFO,"2025-11-07T22:19:46.118Z INFO [payments-08] Graceful shutdown initiated, waiting for connections to drain",0.29424517818973445,4
2025-11-09T08:43:27.055Z,nginx-frontend-12,staging,INFO,"2025-11-09T08:43:27.055Z INFO [nginx-frontend-12] Graceful shutdown initiated, waiting for connections to drain",0.2922003004163219,3
2025-11-07T02:20:40.330Z,backend-api-06,staging,ERROR,2025-11-07T02:20:40.330Z ERROR [backend-api-06] ERROR: database deadlock detected; rolling back transaction,0.2902084596476844,3
2025-11-11T09:35:15.099Z,nginx-frontend-05,staging,INFO,2025-11-11T09:35:15.099Z INFO [nginx-frontend-05] Loaded config from /etc/config/env.yml,0.2843181426224731,3
2025-11-06T21:01:54.711Z,payments-08,staging,INFO,2025-11-06T21:01:54.711Z INFO [payments-08] Established connection to upstream db.internal:5432,0.2823274382484106,4
2025-11-06T16:22:16.527Z,backend-api-03,staging,INFO,2025-11-06T16:22:16.527Z INFO [backend-api-03] Background job cleanup completed in 273ms,0.2808081504769557,3
2025-11-08T17:15:44.591Z,nginx-frontend-13,prod,INFO,2025-11-08T17:15:44.591Z INFO [nginx-frontend-13] Loaded config from /etc/config/db.yml,0.2805817399199485,4
2025-11-09T07:19:26.525Z,nginx-frontend-17,dev,DEBUG,2025-11-09T07:19:26.525Z DEBUG [nginx-frontend-17] Background job reindex completed in 245ms,0.2761505076644895,5
2025-11-11T10:02:07.612Z,nginx-frontend-08,dev,INFO,2025-11-11T10:02:07.612Z INFO [nginx-frontend-08] Loaded config from /etc/config/env.yml,0.2755953245647058,4
2025-11-07T17:02:00.099Z,nginx-frontend-10,staging,DEBUG,2025-11-07T17:02:00.099Z DEBUG [nginx-frontend-10] Background job reindex completed in 86ms,0.27346574496442994,5
2025-11-07T15:14:36.256Z,nginx-frontend-16,dev,INFO,2025-11-07T15:14:36.256Z INFO [nginx-frontend-16] Cache hit for key=session:6303; ttl=3029s,0.27318057789092365,4
2025-11-07T00:28:49.547Z,nginx-frontend-05,dev,INFO,2025-11-07T00:28:49.547Z INFO [nginx-frontend-05] Loaded config from /etc/config/app.yml,0.2720361969201279,4
2025-11-13T08:29:48.735Z,nginx-frontend-01,prod,INFO,2025-11-13T08:29:48.735Z INFO [nginx-frontend-01] Completed 200 DELETE /api/v1/payments in 36ms,0.26851100487671187,4
2025-11-11T23:02:38.448Z,payments-08,prod,INFO,2025-11-11T23:02:38.448Z INFO [payments-08] Background job cleanup completed in 17ms,0.2651387646587561,4
2025-11-09T12:49:45.439Z,nginx-frontend-08,staging,INFO,2025-11-09T12:49:45.439Z INFO [nginx-frontend-08] Loaded config from /etc/config/env.yml,0.263652833620589,4
2025-11-12T08:36:35.034Z,nginx-frontend-02,prod,INFO,2025-11-12T08:36:35.034Z INFO [nginx-frontend-02] Established connection to upstream cache.internal:9000,0.2609942194439203,4
2025-11-06T23:59:51.000Z,backend-api-01,prod,FATAL,"FATAL [backend-api-01] KERNEL PANIC: CPU temperature exceeded 105C, physical hardware damage imminent. Initiating emergency hardware shutdown sequence.",0.2590779790592255,10
2025-11-09T22:03:57.396Z,auth-service-01,dev,DEBUG,2025-11-09T22:03:57.396Z DEBUG [auth-service-01] Loaded config from /etc/config/app.yml,0.2551718773103387,4
2025-11-06T15:09:42.140Z,nginx-frontend-04,dev,INFO,2025-11-06T15:09:42.140Z INFO [nginx-frontend-04] Loaded config from /etc/config/app.yml,0.25059849473431994,4
2025-11-09T04:38:14.459Z,auth-service-11,prod,INFO,2025-11-09T04:38:14.459Z INFO [auth-service-11] Loaded config from /etc/config/db.yml,0.24840181079406176,1
2025-11-09T10:53:53.363Z,payments-17,staging,ERROR,2025-11-09T10:53:53.363Z ERROR [payments-17] ERROR: database deadlock detected; rolling back transaction,0.24454632081541428,1
2025-11-09T01:45:03.599Z,nginx-frontend-17,staging,INFO,2025-11-09T01:45:03.599Z INFO [nginx-frontend-17] Loaded config from /etc/config/app.yml,0.2438181947959055,3
2025-11-07T13:58:28.780Z,backend-api-16,dev,INFO,2025-11-07T13:58:28.780Z INFO [backend-api-16] Background job reindex completed in 381ms,0.24194389928928212,4
2025-11-06T11:07:28.378Z,nginx-frontend-20,dev,INFO,"2025-11-06T11:07:28.378Z INFO [nginx-frontend-20] Health check passed: ready=true, status=200",0.23891634316156019,3
2025-11-06T21:24:31.245Z,auth-service-09,staging,INFO,2025-11-06T21:24:31.245Z INFO [auth-service-09] Completed 200 GET /login in 23ms,0.23883810214462403,3
2025-11-08T00:27:26.710Z,payments-01,prod,INFO,2025-11-08T00:27:26.710Z INFO [payments-01] Started request PUT /login from 10.0.1.47 in 225ms,0.2385149694407671,3
2025-11-08T10:53:55.213Z,payments-10,staging,INFO,2025-11-08T10:53:55.213Z INFO [payments-10] Background job cleanup completed in 291ms,0.2376800371803604,2
2025-11-07T02:18:13.406Z,backend-api-08,prod,INFO,"2025-11-07T02:18:13.406Z INFO [backend-api-08] Graceful shutdown initiated, waiting for connections to drain",0.2339913686372661,3
2025-11-12T02:05:27.687Z,nginx-frontend-20,staging,WARN,2025-11-12T02:05:27.687Z WARN [nginx-frontend-20] ERROR: OOMKilled - process terminated due to out-of-memory,0.23009637285314816,4
2025-11-09T16:34:57.168Z,backend-api-11,dev,INFO,"2025-11-09T16:34:57.168Z INFO [backend-api-11] Graceful shutdown initiated, waiting for connections to drain",0.22960993349279823,3
2025-11-07T04:43:06.714Z,orders-17,staging,ERROR,2025-11-07T04:43:06.714Z ERROR [orders-17] ERROR: ImagePullBackOff: failed to pull image myorg/backend:1.4.2,0.2295062670492209,1
2025-11-13T09:04:20.752Z,auth-service-11,staging,INFO,2025-11-13T09:04:20.752Z INFO [auth-service-11] Opening database transaction; connection_id=1643,0.228759816442284,3
2025-11-08T11:25:10.771Z,orders-02,staging,DEBUG,2025-11-08T11:25:10.771Z DEBUG [orders-02] Completed 304 POST /metrics in 292ms,0.2287060809588113,2
2025-11-12T20:36:52.917Z,backend-api-08,staging,DEBUG,2025-11-12T20:36:52.917Z DEBUG [backend-api-08] Established connection to upstream db.internal:5432,0.22870608095881123,3
2025-11-11T21:59:37.409Z,auth-service-17,dev,INFO,2025-11-11T21:59:37.409Z INFO [auth-service-17] Loaded config from /etc/config/env.yml,0.226449734766197,3
2025-11-06T19:19:16.575Z,nginx-frontend-05,dev,INFO,2025-11-06T19:19:16.575Z INFO [nginx-frontend-05] Cache hit for key=session:9770; ttl=2509s,0.22637405808785788,3
2025-11-06T19:40:52.046Z,nginx-frontend-06,prod,INFO,2025-11-06T19:40:52.046Z INFO [nginx-frontend-06] Completed 204 DELETE /metrics in 170ms,0.22571256772566312,2
2025-11-07T11:14:02.053Z,backend-api-08,dev,INFO,2025-11-07T11:14:02.053Z INFO [backend-api-08] Loaded config from /etc/config/db.yml,0.22563377595395334,3
2025-11-12T12:52:24.195Z,nginx-frontend-10,staging,ERROR,2025-11-12T12:52:24.195Z ERROR [nginx-frontend-10] ERROR: ImagePullBackOff: failed to pull image myorg/auth:0.9.8,0.22423333031542753,1
2025-11-12T02:44:51.724Z,orders-09,staging,WARN,2025-11-12T02:44:51.724Z WARN [orders-09] ERROR: OOMKilled - process terminated due to out-of-memory,0.22098533946414317,5
2025-11-07T15:32:30.944Z,orders-16,prod,DEBUG,2025-11-07T15:32:30.944Z DEBUG [orders-16] User 60023 authenticated successfully,0.21929980101160995,5
2025-11-13T10:08:57.124Z,orders-05,dev,INFO,2025-11-13T10:08:57.124Z INFO [orders-05] User 64657 authenticated successfully,0.21883171974579502,3
2025-11-09T21:11:32.593Z,backend-api-16,staging,INFO,"2025-11-09T21:11:32.593Z INFO [backend-api-16] Graceful shutdown initiated, waiting for connections to drain",0.2179906947883189,2
2025-11-13T10:28:21.291Z,backend-api-03,staging,INFO,2025-11-13T10:28:21.291Z INFO [backend-api-03] Cache hit for key=session:9133; ttl=2514s,0.2172911738919695,1
2025-11-07T18:55:35.361Z,payments-08,dev,ERROR,2025-11-07T18:55:35.361Z ERROR [payments-08] ERROR: request timeout after 4608ms while calling payments,0.21599932953173584,4
2025-11-12T14:18:22.826Z,nginx-frontend-20,staging,ERROR,2025-11-12T14:18:22.826Z ERROR [nginx-frontend-20] ERROR: Segmentation fault (core dumped) in worker thread,0.21334235829937026,2
2025-11-10T19:53:16.986Z,payments-10,staging,ERROR,2025-11-10T19:53:16.986Z ERROR [payments-10] ERROR: connection refused from auth.internal:8080,0.2126223889336356,2
2025-11-11T15:09:21.671Z,backend-api-04,staging,ERROR,2025-11-11T15:09:21.671Z ERROR [backend-api-04] ERROR: ImagePullBackOff: failed to pull image myorg/backend:1.4.2,0.210110590736572,2
2025-11-07T06:11:39.790Z,orders-11,prod,INFO,"2025-11-07T06:11:39.790Z INFO [orders-11] Graceful shutdown initiated, waiting for connections to drain",0.20921624310759906,1
2025-11-13T04:09:34.446Z,nginx-frontend-06,prod,INFO,"2025-11-13T04:09:34.446Z INFO [nginx-frontend-06] Graceful shutdown initiated, waiting for connections to drain",0.2082089621680771,1
2025-11-11T15:59:14.910Z,nginx-frontend-04,dev,DEBUG,2025-11-11T15:59:14.910Z DEBUG [nginx-frontend-04] Cache hit for key=session:4285; ttl=818s,0.20802930446253198,4
2025-11-13T05:56:46.536Z,nginx-frontend-08,dev,INFO,2025-11-13T05:56:46.536Z INFO [nginx-frontend-08] Loaded config from /etc/config/app.yml,0.2069879454199292,2
2025-11-06T10:28:51.711Z,payments-13,staging,INFO,"2025-11-06T10:28:51.711Z INFO [payments-13] Graceful shutdown initiated, waiting for connections to drain",0.2060118594543014,1
2025-11-11T07:44:19.184Z,payments-02,staging,INFO,2025-11-11T07:44:19.184Z INFO [payments-02] Established connection to upstream auth.internal:5432,0.20454784210034405,3
2025-11-07T11:14:49.024Z,backend-api-03,dev,INFO,2025-11-07T11:14:49.024Z INFO [backend-api-03] Established connection to upstream payments.internal:8080,0.20248686631421492,3
2025-11-09T02:08:13.563Z,nginx-frontend-05,prod,INFO,"2025-11-09T02:08:13.563Z INFO [nginx-frontend-05] Graceful shutdown initiated, waiting for connections to drain",0.20193025717668123,1
2025-11-12T16:55:34.493Z,nginx-frontend-13,staging,ERROR,2025-11-12T16:55:34.493Z ERROR [nginx-frontend-13] ERROR: ImagePullBackOff: failed to pull image nginx:1.25.0,0.2018971120878867,1
2025-11-06T05:13:05.417Z,orders-03,staging,DEBUG,2025-11-06T05:13:05.417Z DEBUG [orders-03] Background job report-generator completed in 123ms,0.2012675170498619,2
2025-11-09T00:20:00.307Z,nginx-frontend-17,staging,INFO,2025-11-09T00:20:00.307Z INFO [nginx-frontend-17] Loaded config from /etc/config/app.yml,0.20122063369254417,3
2025-11-11T08:36:05.780Z,orders-16,dev,DEBUG,"2025-11-11T08:36:05.780Z DEBUG [orders-16] Health check passed: ready=true, status=200",0.20108851810670958,3
2025-11-09T21:28:46.390Z,nginx-frontend-13,staging,INFO,2025-11-09T21:28:46.390Z INFO [nginx-frontend-13] Cache hit for key=session:8975; ttl=209s,0.20075300396486556,2
2025-11-11T02:35:15.677Z,nginx-frontend-17,staging,ERROR,2025-11-11T02:35:15.677Z ERROR [nginx-frontend-17] ERROR: connection refused from auth.internal:5432,0.2004581006382682,2
2025-11-06T11:03:27.092Z,nginx-frontend-08,dev,INFO,"2025-11-06T11:03:27.092Z INFO [nginx-frontend-08] Graceful shutdown initiated, waiting for connections to drain",0.19966078528056652,2
2025-11-10T04:12:42.360Z,backend-api-09,staging,DEBUG,2025-11-10T04:12:42.360Z DEBUG [backend-api-09] User 52189 authenticated successfully,0.19878131477672273,4
2025-11-12T15:29:22.243Z,nginx-frontend-14,prod,ERROR,2025-11-12T15:29:22.243Z ERROR [nginx-frontend-14] ERROR: ImagePullBackOff: failed to pull image nginx:1.25.0,0.198633620610838,1
2025-11-06T01:13:03.013Z,orders-12,staging,INFO,2025-11-06T01:13:03.013Z INFO [orders-12] Background job cleanup completed in 201ms,0.19845084553279785,1
2025-11-10T03:29:03.193Z,auth-service-15,dev,INFO,2025-11-10T03:29:03.193Z INFO [auth-service-15] Opening database transaction; connection_id=1060,0.1980654972160497,3
2025-11-12T07:03:30.443Z,nginx-frontend-02,dev,ERROR,2025-11-12T07:03:30.443Z ERROR [nginx-frontend-02] ERROR: request timeout after 2741ms while calling inventory,0.1978586874864653,3
2025-11-12T17:41:59.462Z,nginx-frontend-01,staging,WARN,2025-11-12T17:41:59.462Z WARN [nginx-frontend-01] Opening database transaction; connection_id=6757,0.19738113122777906,7
2025-11-08T13:16:46.880Z,backend-api-15,dev,ERROR,2025-11-08T13:16:46.880Z ERROR [backend-api-15] ERROR: ImagePullBackOff: failed to pull image myorg/auth:0.9.8,0.19699961070831817,3
