timestamp,pod_name,namespace,log_level,message,score_vae,anomaly_vote_count
2025-11-13T02:18:19.122Z,auth-service-08,prod,WARN,2025-11-13T02:18:19.122Z WARN [auth-service-08] Opening database transaction; connection_id=6544,1.0,3
2026-01-01T00:00:07.000Z,toddler,playground,SCREAM,Waaaaah! I want my toy! No! Mine! Waaaaaah! Gimme!,0.9085232719704222,10
2026-01-01T00:00:09.000Z,mechanic,garage,CAR,"The carburetor is busted, the timing belt snapped, and the blinker fluid is completely empty.",0.8185533689072807,10
2026-01-01T00:00:03.000Z,chef,kitchen,COOKING,"Recipe: Add 2 cups of flour, 3 eggs, and a dash of cinnamon. Bake at 350F for 45 minutes.",0.8029674901413789,10
2025-11-06T23:59:57.000Z,billing-service,prod,FATAL,FATAL [billing-service] ALL DATABASES DROPPED: Received unauthorized DROP DATABASE command for all production clusters.,0.7599737333808065,10
2025-11-10T14:31:15.614Z,auth-service-01,dev,WARN,2025-11-10T14:31:15.614Z WARN [auth-service-01] Established connection to upstream db.internal:9000,0.7523438360784077,5
2025-11-06T23:59:59.000Z,ci-cd-pipeline,dev,CRITICAL,CRITICAL [ci-cd-pipeline] MALICIOUS CODE INJECTION: Found unexpected base64 encoded payload in the build artifact before deployment.,0.7488777881812918,10
2026-01-01T00:00:08.000Z,gandalf,moria,MAGIC,"YOU SHALL NOT PASS! The dark fire will not avail you, flame of Udun. Go back to the Shadow!",0.7250274390317636,10
2025-11-13T04:29:55.558Z,backend-api-18,prod,WARN,2025-11-13T04:29:55.558Z WARN [backend-api-18] Loaded config from /etc/config/app.yml,0.7243480910690155,3
2025-11-06T23:59:51.000Z,backend-api-01,prod,FATAL,"FATAL [backend-api-01] KERNEL PANIC: CPU temperature exceeded 105C, physical hardware damage imminent. Initiating emergency hardware shutdown sequence.",0.7209291068652549,10
2025-11-13T08:19:47.862Z,backend-api-06,dev,DEBUG,"2025-11-13T08:19:47.862Z DEBUG [backend-api-06] Health check passed: ready=true, status=200",0.7143117942236925,2
2025-11-10T02:11:27.809Z,payments-19,dev,DEBUG,"2025-11-10T02:11:27.809Z DEBUG [payments-19] Health check passed: ready=true, status=200",0.7095095093672106,2
2025-11-08T09:51:36.623Z,backend-api-09,dev,WARN,2025-11-08T09:51:36.623Z WARN [backend-api-09] User 73001 authenticated successfully,0.7040963263269182,5
2026-01-01T00:00:05.000Z,philosopher,athens,DEEP,What is the meaning of life? Is it 42? Or is it just a simulation running on a giant turtle?,0.7029682997191588,10
2026-01-01T00:00:10.000Z,random,keyboard,TYPO,asdfghjkl qwertyuiop zxcvbnm 1234567890 !@#$%^&*()_+,0.7018298304074025,10
2026-01-01T00:00:06.000Z,spam,inbox,ADS,"CONGRATULATIONS! You have won $1,000,000 in the Nigerian Prince Lottery. Click here to claim your prize!",0.7007119604021605,10
2025-11-08T10:06:14.160Z,orders-16,prod,DEBUG,2025-11-08T10:06:14.160Z DEBUG [orders-16] Loaded config from /etc/config/app.yml,0.6714000770623275,3
2025-11-06T23:59:53.000Z,k8s-apiserver,kube-system,FATAL,FATAL [k8s-apiserver] etcd cluster quorum lost! All control plane nodes are unresponsive. Cluster state is corrupted.,0.6649034277196866,10
2026-01-01T00:00:04.000Z,cat,living-room,MEOW,Meow meow meow purr purr hiss scratch sofa meow.,0.6644345073950102,10
2025-11-06T23:59:50.000Z,unknown-hacker-pod,kube-system,CRITICAL,CRITICAL [kube-system] UNAUTHORIZED ROOT ACCESS DETECTED: Multiple failed SSH login attempts followed by successful bypass. Possible bitcoin miner payload injected.,0.6613737222434124,10
2025-11-11T11:59:08.417Z,backend-api-17,prod,WARN,2025-11-11T11:59:08.417Z WARN [backend-api-17] ERROR: database deadlock detected; rolling back transaction,0.6534163102725125,3
2026-01-01T00:00:01.000Z,aliens,ufo,WEIRD,I love eating pizza with pineapples on mars while riding a dinosaur.,0.6483426581628545,10
2025-11-11T09:05:27.350Z,orders-06,prod,DEBUG,2025-11-11T09:05:27.350Z DEBUG [orders-06] Established connection to upstream inventory.internal:9000,0.6347214382557401,3
2025-11-12T13:04:57.136Z,payments-04,prod,WARN,2025-11-12T13:04:57.136Z WARN [payments-04] Background job report-generator completed in 432ms,0.5850564387247454,3
2025-11-12T05:50:03.921Z,nginx-frontend-05,staging,WARN,2025-11-12T05:50:03.921Z WARN [nginx-frontend-05] Cache hit for key=session:6277; ttl=3423s,0.5733109358790214,3
2025-11-12T01:38:08.013Z,backend-api-02,dev,DEBUG,2025-11-12T01:38:08.013Z DEBUG [backend-api-02] Background job cleanup completed in 153ms,0.5680468117094774,2
2025-11-12T13:20:56.256Z,backend-api-04,dev,DEBUG,"2025-11-12T13:20:56.256Z DEBUG [backend-api-04] Health check passed: ready=true, status=200",0.5679528631361914,2
2025-11-08T04:00:14.200Z,nginx-frontend-06,staging,WARN,2025-11-08T04:00:14.200Z WARN [nginx-frontend-06] ERROR: 5xx gateway error from upstream cache.internal:9000 - response=502 Bad Gateway,0.5590195590191835,3
2025-11-13T02:56:17.419Z,payments-20,dev,WARN,"2025-11-13T02:56:17.419Z WARN [payments-20] Graceful shutdown initiated, waiting for connections to drain",0.5554951464202775,3
2025-11-08T06:44:22.109Z,backend-api-06,prod,DEBUG,2025-11-08T06:44:22.109Z DEBUG [backend-api-06] Opening database transaction; connection_id=8808,0.5519627229799493,3
2025-11-06T23:59:54.000Z,auth-service-03,prod,CRITICAL,CRITICAL [auth-service-03] MASSIVE AUTHENTICATION FAILURE: 50000 login attempts blocked in the last 10 seconds from a single botnet.,0.5103341709535285,8
2025-11-11T17:02:35.531Z,auth-service-09,prod,WARN,2025-11-11T17:02:35.531Z WARN [auth-service-09] Background job cleanup completed in 183ms,0.48624467672993754,3
2025-11-10T17:49:18.460Z,orders-08,dev,WARN,2025-11-10T17:49:18.460Z WARN [orders-08] Loaded config from /etc/config/db.yml,0.4847207572001092,3
2025-11-09T23:20:38.146Z,nginx-frontend-17,dev,WARN,2025-11-09T23:20:38.146Z WARN [nginx-frontend-17] Established connection to upstream payments.internal:5432,0.48407706463422684,3
2025-11-09T09:59:52.783Z,auth-service-13,staging,DEBUG,2025-11-09T09:59:52.783Z DEBUG [auth-service-13] Started request DELETE /api/v1/orders from 10.0.2.39 in 117ms,0.47426653761880627,2
2025-11-10T15:02:11.003Z,orders-02,staging,DEBUG,2025-11-10T15:02:11.003Z DEBUG [orders-02] Completed 204 POST /api/v1/payments in 23ms,0.4639636657200865,4
2025-11-06T08:49:17.509Z,orders-10,dev,WARN,2025-11-06T08:49:17.509Z WARN [orders-10] Loaded config from /etc/config/db.yml,0.4622077178904946,3
2025-11-09T22:03:57.396Z,auth-service-01,dev,DEBUG,2025-11-09T22:03:57.396Z DEBUG [auth-service-01] Loaded config from /etc/config/app.yml,0.4610279784403402,4
2025-11-11T15:03:28.713Z,nginx-frontend-11,prod,DEBUG,"2025-11-11T15:03:28.713Z DEBUG [nginx-frontend-11] Health check passed: ready=true, status=200",0.4603856090937999,3
2025-11-06T14:17:42.283Z,payments-18,dev,WARN,2025-11-06T14:17:42.283Z WARN [payments-18] Completed 204 PUT /health in 157ms,0.45401284169172323,3
2025-11-06T10:38:03.329Z,orders-20,staging,DEBUG,2025-11-06T10:38:03.329Z DEBUG [orders-20] Cache hit for key=session:6128; ttl=2700s,0.453077933582534,2
2025-11-12T12:19:21.008Z,nginx-frontend-14,prod,WARN,2025-11-12T12:19:21.008Z WARN [nginx-frontend-14] ERROR: CrashLoopBackOff: container restarted 8 times,0.452302419760035,3
2026-01-01T00:00:02.000Z,shakespeare,poetry,INFO,"To be, or not to be, that is the question: Whether tis nobler in the mind to suffer",0.4509052431855646,10
2025-11-06T20:30:07.854Z,payments-03,prod,WARN,2025-11-06T20:30:07.854Z WARN [payments-03] Completed 304 GET /metrics in 277ms,0.45057797885585793,3
2025-11-07T03:49:58.753Z,orders-13,prod,DEBUG,2025-11-07T03:49:58.753Z DEBUG [orders-13] Cache hit for key=session:5490; ttl=1909s,0.44970361697223893,3
2025-11-07T20:16:41.167Z,auth-service-04,dev,WARN,2025-11-07T20:16:41.167Z WARN [auth-service-04] ERROR: ImagePullBackOff: failed to pull image myorg/payments:2.1.0,0.44888686877402667,3
2025-11-07T14:12:09.904Z,payments-13,staging,DEBUG,2025-11-07T14:12:09.904Z DEBUG [payments-13] User 21297 authenticated successfully,0.442528942886192,2
2025-11-08T02:35:50.180Z,backend-api-19,staging,DEBUG,2025-11-08T02:35:50.180Z DEBUG [backend-api-19] User 74517 authenticated successfully,0.44219488364635046,2
2025-11-07T11:05:12.135Z,auth-service-02,staging,WARN,"2025-11-07T11:05:12.135Z WARN [auth-service-02] Health check passed: ready=true, status=200",0.4400955425161528,3
2025-11-07T02:42:38.735Z,nginx-frontend-01,staging,DEBUG,2025-11-07T02:42:38.735Z DEBUG [nginx-frontend-01] Established connection to upstream auth.internal:8080,0.43956682698228955,5
2025-11-06T14:56:42.429Z,payments-10,dev,DEBUG,2025-11-06T14:56:42.429Z DEBUG [payments-10] Loaded config from /etc/config/db.yml,0.4347062489493873,4
2025-11-07T17:02:00.099Z,nginx-frontend-10,staging,DEBUG,2025-11-07T17:02:00.099Z DEBUG [nginx-frontend-10] Background job reindex completed in 86ms,0.43337852350903233,5
2025-11-06T23:59:56.000Z,nginx-ingress,kube-system,CRITICAL,CRITICAL [nginx-ingress] DDoS ATTACK DETECTED: 100Gbps traffic spike overwhelming the ingress controller. Dropping all packets.,0.42523056795287656,10
2025-11-09T00:23:10.079Z,orders-04,prod,DEBUG,2025-11-09T00:23:10.079Z DEBUG [orders-04] Opening database transaction; connection_id=1877,0.42482026266878475,3
2025-11-09T22:07:49.817Z,nginx-frontend-03,dev,WARN,2025-11-09T22:07:49.817Z WARN [nginx-frontend-03] Background job cleanup completed in 96ms,0.4218079001925691,3
2025-11-10T12:01:32.099Z,nginx-frontend-09,prod,WARN,2025-11-10T12:01:32.099Z WARN [nginx-frontend-09] Background job report-generator completed in 306ms,0.4205726212927334,3
2025-11-08T01:02:39.189Z,orders-04,dev,DEBUG,2025-11-08T01:02:39.189Z DEBUG [orders-04] Loaded config from /etc/config/db.yml,0.4193246824024358,2
2025-11-09T08:03:24.230Z,orders-10,prod,DEBUG,2025-11-09T08:03:24.230Z DEBUG [orders-10] Opening database transaction; connection_id=1681,0.4168118531091884,3
2025-11-08T00:57:44.002Z,backend-api-07,prod,WARN,2025-11-08T00:57:44.002Z WARN [backend-api-07] ERROR: Segmentation fault (core dumped) in worker thread,0.4160484270741925,3
2025-11-07T23:55:37.263Z,auth-service-10,dev,WARN,2025-11-07T23:55:37.263Z WARN [auth-service-10] ERROR: request timeout after 5612ms while calling payments,0.41555007405982664,4
2025-11-12T23:02:14.692Z,orders-13,staging,DEBUG,"2025-11-12T23:02:14.692Z DEBUG [orders-13] Health check passed: ready=true, status=200",0.4141821513616211,2
2025-11-08T20:16:48.660Z,auth-service-13,prod,WARN,"2025-11-08T20:16:48.660Z WARN [auth-service-13] Graceful shutdown initiated, waiting for connections to drain",0.4121011564887876,3
2025-11-07T04:10:00.087Z,payments-18,staging,WARN,2025-11-07T04:10:00.087Z WARN [payments-18] Opening database transaction; connection_id=8803,0.41113406196317,3
2025-11-07T16:54:07.578Z,payments-14,prod,DEBUG,2025-11-07T16:54:07.578Z DEBUG [payments-14] Cache hit for key=session:2514; ttl=2036s,0.409957290815864,3
2025-11-13T03:43:16.938Z,orders-03,prod,DEBUG,2025-11-13T03:43:16.938Z DEBUG [orders-03] Opening database transaction; connection_id=5576,0.40897363816712823,3
2025-11-07T13:30:47.094Z,payments-04,prod,WARN,2025-11-07T13:30:47.094Z WARN [payments-04] Started request POST /health from 10.0.2.13 in 425ms,0.4088817280668828,3
2025-11-12T07:23:47.996Z,payments-14,staging,DEBUG,"2025-11-12T07:23:47.996Z DEBUG [payments-14] Graceful shutdown initiated, waiting for connections to drain",0.4086903977025586,2
2025-11-12T10:37:36.400Z,orders-19,dev,WARN,2025-11-12T10:37:36.400Z WARN [orders-19] Established connection to upstream db.internal:9000,0.407296475532416,3
2025-11-07T17:28:09.728Z,payments-03,prod,WARN,"2025-11-07T17:28:09.728Z WARN [payments-03] Graceful shutdown initiated, waiting for connections to drain",0.40698326593788303,3
2025-11-06T12:25:48.635Z,nginx-frontend-08,dev,DEBUG,2025-11-06T12:25:48.635Z DEBUG [nginx-frontend-08] Started request POST /api/v1/payments from 10.0.0.27 in 153ms,0.40666994905529535,2
2025-11-09T10:22:58.743Z,payments-19,dev,WARN,2025-11-09T10:22:58.743Z WARN [payments-19] Loaded config from /etc/config/app.yml,0.40646642361541335,3
2025-11-06T20:10:23.280Z,auth-service-03,staging,WARN,2025-11-06T20:10:23.280Z WARN [auth-service-03] ERROR: database deadlock detected; rolling back transaction,0.4049186146120582,3
2025-11-07T23:42:26.825Z,auth-service-14,prod,DEBUG,2025-11-07T23:42:26.825Z DEBUG [auth-service-14] Opening database transaction; connection_id=7708,0.4046364827907211,3
2025-11-13T02:51:44.721Z,backend-api-04,dev,DEBUG,2025-11-13T02:51:44.721Z DEBUG [backend-api-04] Completed 304 PUT /metrics in 344ms,0.40457926249484844,2
2025-11-12T09:09:16.255Z,orders-01,staging,DEBUG,2025-11-12T09:09:16.255Z DEBUG [orders-01] User 33568 authenticated successfully,0.4036716770769384,2
2025-11-08T06:26:24.161Z,payments-20,dev,DEBUG,2025-11-08T06:26:24.161Z DEBUG [payments-20] Established connection to upstream db.internal:9000,0.3988583057881311,2
2025-11-07T21:40:17.278Z,nginx-frontend-17,staging,WARN,"2025-11-07T21:40:17.278Z WARN [nginx-frontend-17] Health check passed: ready=true, status=200",0.3978488324808828,3
2025-11-06T13:22:54.101Z,auth-service-01,prod,WARN,"2025-11-06T13:22:54.101Z WARN [auth-service-01] Health check passed: ready=true, status=200",0.39723189040332085,4
2025-11-08T12:13:46.398Z,payments-07,dev,DEBUG,2025-11-08T12:13:46.398Z DEBUG [payments-07] Established connection to upstream auth.internal:5432,0.39379820773605795,2
2025-11-13T04:41:25.139Z,auth-service-16,dev,WARN,2025-11-13T04:41:25.139Z WARN [auth-service-16] User 65789 authenticated successfully,0.3881087937174404,3
2025-11-11T15:59:14.910Z,nginx-frontend-04,dev,DEBUG,2025-11-11T15:59:14.910Z DEBUG [nginx-frontend-04] Cache hit for key=session:4285; ttl=818s,0.38679079572738373,4
2025-11-06T21:51:42.083Z,backend-api-20,staging,DEBUG,2025-11-06T21:51:42.083Z DEBUG [backend-api-20] Started request GET /api/v1/items from 10.0.1.48 in 275ms,0.38574101787423015,2
2025-11-07T13:55:23.441Z,backend-api-20,prod,WARN,2025-11-07T13:55:23.441Z WARN [backend-api-20] Cache hit for key=session:5754; ttl=1102s,0.3854071016851283,3
2025-11-07T23:16:15.149Z,payments-06,dev,DEBUG,"2025-11-07T23:16:15.149Z DEBUG [payments-06] Graceful shutdown initiated, waiting for connections to drain",0.38537470069259044,2
2025-11-07T17:15:57.356Z,payments-11,staging,DEBUG,"2025-11-07T17:15:57.356Z DEBUG [payments-11] Graceful shutdown initiated, waiting for connections to drain",0.3832835849799245,2
2025-11-08T15:37:36.973Z,orders-17,staging,WARN,2025-11-08T15:37:36.973Z WARN [orders-17] ERROR: 5xx gateway error from upstream db.internal:8080 - response=502 Bad Gateway,0.3826888157670132,3
2025-11-07T16:13:09.531Z,backend-api-18,staging,WARN,2025-11-07T16:13:09.531Z WARN [backend-api-18] Loaded config from /etc/config/env.yml,0.3813954225041818,3
2025-11-06T18:49:53.063Z,nginx-frontend-16,staging,WARN,2025-11-06T18:49:53.063Z WARN [nginx-frontend-16] ERROR: 5xx gateway error from upstream payments.internal:9000 - response=502 Bad Gateway,0.3798365270685013,3
2025-11-08T22:58:26.044Z,backend-api-19,dev,ERROR,2025-11-08T22:58:26.044Z ERROR [backend-api-19] ERROR: 503 Service Unavailable - downstream overloaded,0.37359397160221985,1
2025-11-08T11:54:11.697Z,payments-10,dev,DEBUG,2025-11-08T11:54:11.697Z DEBUG [payments-10] Cache hit for key=session:9362; ttl=1685s,0.3726222994529324,4
2025-11-09T10:24:11.331Z,orders-19,prod,WARN,2025-11-09T10:24:11.331Z WARN [orders-19] ERROR: 5xx gateway error from upstream cache.internal:9000 - response=502 Bad Gateway,0.3721370355812474,3
2025-11-07T04:53:16.812Z,nginx-frontend-18,dev,DEBUG,2025-11-07T04:53:16.812Z DEBUG [nginx-frontend-18] Background job reindex completed in 178ms,0.3712181849175874,5
2025-11-08T11:07:48.761Z,backend-api-07,staging,DEBUG,2025-11-08T11:07:48.761Z DEBUG [backend-api-07] User 32966 authenticated successfully,0.36846567411000347,2
2025-11-12T02:44:51.724Z,orders-09,staging,WARN,2025-11-12T02:44:51.724Z WARN [orders-09] ERROR: OOMKilled - process terminated due to out-of-memory,0.3668632197240899,5
2025-11-11T12:04:30.944Z,payments-14,dev,WARN,2025-11-11T12:04:30.944Z WARN [payments-14] User 53601 authenticated successfully,0.3662526791671287,3
2025-11-06T07:07:48.894Z,backend-api-11,staging,WARN,"2025-11-06T07:07:48.894Z WARN [backend-api-11] Health check passed: ready=true, status=200",0.36567557672056816,3
2025-11-07T19:08:55.964Z,payments-05,staging,DEBUG,2025-11-07T19:08:55.964Z DEBUG [payments-05] Started request POST /api/v1/payments from 10.0.1.5 in 278ms,0.36549561889004867,2
2025-11-11T13:16:16.116Z,payments-16,dev,WARN,2025-11-11T13:16:16.116Z WARN [payments-16] User 70012 authenticated successfully,0.3631852779188206,3
2025-11-07T14:55:01.418Z,orders-10,staging,WARN,2025-11-07T14:55:01.418Z WARN [orders-10] Started request PUT /api/v1/orders from 10.0.3.41 in 148ms,0.3624514991496237,3
2025-11-13T08:35:10.914Z,orders-05,staging,WARN,2025-11-13T08:35:10.914Z WARN [orders-05] User 76809 authenticated successfully,0.3621670785164517,4
2025-11-09T01:24:54.135Z,orders-09,staging,DEBUG,2025-11-09T01:24:54.135Z DEBUG [orders-09] Started request GET /health from 10.0.0.45 in 307ms,0.3600043301458902,2
2025-11-12T14:57:35.433Z,auth-service-08,staging,DEBUG,"2025-11-12T14:57:35.433Z DEBUG [auth-service-08] Health check passed: ready=true, status=200",0.3596302166989378,2
2025-11-11T11:02:07.940Z,nginx-frontend-11,dev,DEBUG,2025-11-11T11:02:07.940Z DEBUG [nginx-frontend-11] Started request POST /api/v1/payments from 10.0.3.49 in 59ms,0.35864588455918855,2
2025-11-08T07:01:36.152Z,nginx-frontend-08,prod,ERROR,2025-11-08T07:01:36.152Z ERROR [nginx-frontend-08] ERROR: OOMKilled - process terminated due to out-of-memory,0.3560625312512781,1
2025-11-06T00:36:27.125Z,orders-12,prod,WARN,2025-11-06T00:36:27.125Z WARN [orders-12] ERROR: ImagePullBackOff: failed to pull image myorg/auth:0.9.8,0.3550246981348879,3
2025-11-12T17:41:59.462Z,nginx-frontend-01,staging,WARN,2025-11-12T17:41:59.462Z WARN [nginx-frontend-01] Opening database transaction; connection_id=6757,0.35047929664418925,7
2025-11-09T07:19:26.525Z,nginx-frontend-17,dev,DEBUG,2025-11-09T07:19:26.525Z DEBUG [nginx-frontend-17] Background job reindex completed in 245ms,0.3497392594051313,5
2025-11-12T08:16:11.156Z,nginx-frontend-12,staging,WARN,2025-11-12T08:16:11.156Z WARN [nginx-frontend-12] Cache hit for key=session:7910; ttl=229s,0.3401470278184649,3
2025-11-10T16:51:12.823Z,nginx-frontend-07,prod,DEBUG,2025-11-10T16:51:12.823Z DEBUG [nginx-frontend-07] Cache hit for key=session:1890; ttl=2683s,0.33937766517777224,4
2025-11-09T19:00:17.340Z,backend-api-18,prod,WARN,2025-11-09T19:00:17.340Z WARN [backend-api-18] Loaded config from /etc/config/env.yml,0.3386338370941127,3
2025-11-08T13:04:59.639Z,payments-12,dev,ERROR,2025-11-08T13:04:59.639Z ERROR [payments-12] ERROR: connection refused from payments.internal:8080,0.3378880778254675,1
2025-11-07T07:05:54.645Z,payments-16,prod,DEBUG,2025-11-07T07:05:54.645Z DEBUG [payments-16] Loaded config from /etc/config/env.yml,0.335851106817771,3
2025-11-09T10:53:04.465Z,orders-17,staging,DEBUG,"2025-11-09T10:53:04.465Z DEBUG [orders-17] Health check passed: ready=true, status=200",0.33563717443657715,2
2025-11-06T08:40:08.453Z,backend-api-01,dev,DEBUG,2025-11-06T08:40:08.453Z DEBUG [backend-api-01] Completed 200 GET /login in 210ms,0.3337485828086154,4
2025-11-09T11:31:32.480Z,orders-01,dev,WARN,2025-11-09T11:31:32.480Z WARN [orders-01] Loaded config from /etc/config/db.yml,0.33242314618009533,3
2025-11-08T21:46:27.067Z,payments-06,prod,DEBUG,2025-11-08T21:46:27.067Z DEBUG [payments-06] User 73077 authenticated successfully,0.332339711836176,3
2025-11-07T05:02:35.538Z,auth-service-01,dev,ERROR,2025-11-07T05:02:35.538Z ERROR [auth-service-01] ERROR: connection refused from db.internal:9000,0.3322330317470584,1
2025-11-09T05:05:37.876Z,auth-service-12,staging,DEBUG,2025-11-09T05:05:37.876Z DEBUG [auth-service-12] User 94188 authenticated successfully,0.33017746414320337,2
2025-11-11T15:09:21.671Z,backend-api-04,staging,ERROR,2025-11-11T15:09:21.671Z ERROR [backend-api-04] ERROR: ImagePullBackOff: failed to pull image myorg/backend:1.4.2,0.32938553524832587,2
2025-11-10T04:12:42.360Z,backend-api-09,staging,DEBUG,2025-11-10T04:12:42.360Z DEBUG [backend-api-09] User 52189 authenticated successfully,0.32870561508261914,4
2025-11-07T10:57:09.119Z,nginx-frontend-04,staging,ERROR,2025-11-07T10:57:09.119Z ERROR [nginx-frontend-04] ERROR: 503 Service Unavailable - downstream overloaded,0.3283989858221116,1
2025-11-11T14:30:02.291Z,backend-api-13,prod,DEBUG,"2025-11-11T14:30:02.291Z DEBUG [backend-api-13] Graceful shutdown initiated, waiting for connections to drain",0.32813191009112597,3
2025-11-09T08:05:21.084Z,backend-api-01,dev,WARN,2025-11-09T08:05:21.084Z WARN [backend-api-01] Completed 304 GET /checkout in 310ms,0.3277256102277452,3
2025-11-09T06:23:54.567Z,orders-04,prod,DEBUG,"2025-11-09T06:23:54.567Z DEBUG [orders-04] Health check passed: ready=true, status=200",0.3263442049973247,3
2025-11-09T13:28:16.206Z,nginx-frontend-07,prod,ERROR,2025-11-09T13:28:16.206Z ERROR [nginx-frontend-07] ERROR: OOMKilled - process terminated due to out-of-memory,0.32608213604222797,1
2025-11-09T22:01:24.979Z,nginx-frontend-04,prod,DEBUG,"2025-11-09T22:01:24.979Z DEBUG [nginx-frontend-04] Graceful shutdown initiated, waiting for connections to drain",0.32599147763595476,3
2025-11-11T12:26:19.011Z,auth-service-13,staging,DEBUG,2025-11-11T12:26:19.011Z DEBUG [auth-service-13] Cache hit for key=session:9225; ttl=1557s,0.3246556698288077,2
2025-11-11T04:50:07.806Z,nginx-frontend-04,prod,DEBUG,2025-11-11T04:50:07.806Z DEBUG [nginx-frontend-04] Opening database transaction; connection_id=2591,0.32434178074326137,3
2025-11-13T06:34:31.992Z,orders-01,dev,ERROR,2025-11-13T06:34:31.992Z ERROR [orders-01] ERROR: OOMKilled - process terminated due to out-of-memory,0.32272945585630974,1
2025-11-09T19:41:42.913Z,nginx-frontend-14,prod,WARN,2025-11-09T19:41:42.913Z WARN [nginx-frontend-14] ERROR: 503 Service Unavailable - downstream overloaded,0.3219195740936022,3
2025-11-08T12:46:37.833Z,orders-17,dev,DEBUG,2025-11-08T12:46:37.833Z DEBUG [orders-17] Cache hit for key=session:3130; ttl=926s,0.32187204548534304,2
2025-11-09T23:22:26.398Z,nginx-frontend-15,dev,DEBUG,"2025-11-09T23:22:26.398Z DEBUG [nginx-frontend-15] Graceful shutdown initiated, waiting for connections to drain",0.3217445872762867,2
2025-11-08T10:01:05.272Z,nginx-frontend-14,dev,WARN,2025-11-08T10:01:05.272Z WARN [nginx-frontend-14] Opening database transaction; connection_id=1672,0.32158766061485594,3
2025-11-12T05:32:34.110Z,orders-14,staging,ERROR,2025-11-12T05:32:34.110Z ERROR [orders-14] ERROR: Segmentation fault (core dumped) in worker thread,0.32096499650770677,1
2025-11-10T02:32:59.252Z,payments-05,prod,WARN,2025-11-10T02:32:59.252Z WARN [payments-05] ERROR: database deadlock detected; rolling back transaction,0.32092433433495227,3
2025-11-06T02:52:22.100Z,auth-service-08,staging,WARN,2025-11-06T02:52:22.100Z WARN [auth-service-08] ERROR: request timeout after 20294ms while calling db,0.32091364129216104,3
2025-11-06T15:11:02.676Z,payments-07,staging,ERROR,2025-11-06T15:11:02.676Z ERROR [payments-07] ERROR: Segmentation fault (core dumped) in worker thread,0.32066212232911584,1
2025-11-11T01:39:43.296Z,nginx-frontend-13,prod,WARN,"2025-11-11T01:39:43.296Z WARN [nginx-frontend-13] Health check passed: ready=true, status=200",0.3205130276956827,3
