Unnamed: 0,_id,inter_api_access_duration(sec),api_access_uniqueness,sequence_length(count),vsession_duration(min),ip_type,num_sessions,num_users,num_unique_apis,source,classification,score_random_forest,anomaly_vote_count
1698,2854b436-7d8b-3f2c-8139-3340ad2cd45a,66.93485714285714,0.4285714285714285,7.0,28113,datacenter,3.0,1.0,3.0,F,outlier,1.0,5
1681,c9f00080-15ca-3170-8745-44456eab7f16,0.1150952380952381,0.2222222222222222,63.0,436,datacenter,3.0,1.0,14.0,E,outlier,1.0,0
1680,d6b0cacb-bbf4-3d6a-992d-797596aa4207,0.1098730158730158,0.2222222222222222,63.0,416,datacenter,3.0,1.0,14.0,E,outlier,1.0,0
1679,ba3e9909-49dd-346a-a061-4df8e3aab77a,0.1624805194805195,0.2467532467532467,77.0,751,datacenter,3.0,1.0,19.0,E,outlier,1.0,0
1678,9bf76ecf-2743-3107-b9ce-140d70471a16,0.1097142857142857,0.2222222222222222,63.0,415,datacenter,3.0,1.0,14.0,E,outlier,1.0,0
1677,3378d420-fa76-35df-b40b-460ecc3712f9,0.1065396825396825,0.2222222222222222,63.0,403,datacenter,3.0,1.0,14.0,E,outlier,1.0,0
1676,a92ead04-79c0-3f4e-b51e-a880f7fd7b3b,0.1294444444444444,0.238095238095238,63.0,490,datacenter,3.0,1.0,15.0,E,outlier,1.0,0
1675,0c7810e2-765d-3c29-b78f-2e4169cfc268,0.1413243243243243,0.2297297297297297,74.0,628,datacenter,3.0,1.0,17.0,E,outlier,1.0,0
1674,a28a2af6-5970-3964-bfcb-705c184c2d72,0.1105,0.5,2.0,14,datacenter,2.0,1.0,1.0,E,outlier,1.0,0
1673,effc991b-5703-3677-90bb-2b723c724701,0.1345238095238095,0.238095238095238,63.0,509,datacenter,3.0,1.0,15.0,E,outlier,1.0,0
1672,f86bb6e0-b90c-3703-8510-120afb6bb497,0.005,1.0,3.0,1,datacenter,3.0,1.0,3.0,E,outlier,1.0,1
1671,2accc1be-dca0-3cd0-86d8-7e7a6fc550b5,0.2256904761904762,0.3333333333333333,42.0,569,datacenter,2.0,1.0,14.0,E,outlier,1.0,0
1670,3e7861cd-520a-33e6-bacf-43fdc1358744,0.08575,1.0,2.0,11,datacenter,2.0,1.0,2.0,E,outlier,1.0,1
1669,023c8dec-c77d-30fb-a795-e8a6c2455fd5,0.0983661971830986,0.2535211267605634,71.0,420,datacenter,3.0,1.0,18.0,E,outlier,1.0,0
1668,12f36629-cddf-30b9-a571-25e3eb789209,0.1007777777777777,0.238095238095238,63.0,381,datacenter,3.0,1.0,15.0,E,outlier,1.0,0
1667,9975af92-de64-3ad0-9cee-3cfa484f6ff0,0.1149047619047619,0.238095238095238,63.0,435,datacenter,3.0,1.0,15.0,E,outlier,1.0,0
1138,48b8c579-5d48-337c-8981-e113cda31867,0.1432936802973977,0.1635687732342007,269.0,2313,default,2.0,1.0,44.0,E,outlier,1.0,0
1137,007fa202-d51f-3619-8104-779c31c30138,0.465609375,0.234375,128.0,3576,default,2.0,1.0,30.0,E,outlier,1.0,0
1136,01c8339b-100a-3455-97e3-45c1b91b4ee2,0.02,1.0,2.0,3,default,2.0,1.0,2.0,E,outlier,1.0,0
1134,fe8dfa20-4b78-3cf2-8b49-a23e5ae0a400,0.0881,0.7,10.0,53,default,2.0,1.0,7.0,E,outlier,1.0,0
1133,f558c668-185b-3941-942e-e7ce2812ce8e,0.005,1.0,3.0,1,default,3.0,1.0,3.0,E,outlier,1.0,0
1132,a8ad1f11-bb24-3356-97af-5719e690b8c8,3.78996875,0.6875,16.0,3639,default,2.0,1.0,11.0,E,outlier,1.0,1
1129,7e1917ba-2db6-3940-8de5-d7592296fa59,0.012375,0.5833333333333334,12.0,9,default,2.0,1.0,7.0,E,outlier,1.0,0
1127,3586d9a6-3281-3c40-abdb-a813ffd3e0a7,0.0098712121212121,0.3333333333333333,66.0,40,default,18.0,1.0,22.0,E,outlier,1.0,0
1125,3d9c6ad8-9d44-3e34-80c2-b08ee790e951,0.0105,1.0,2.0,2,default,2.0,1.0,2.0,E,outlier,1.0,0
1154,12d363f6-6268-3721-9abb-f6dc9d7f006a,2.09685,0.2333333333333333,180.0,22646,default,2.0,1.0,42.0,E,outlier,1.0,0
1153,d42a2fdc-d94a-3f71-822d-7d2675bf5181,19.480412790697677,0.2674418604651162,86.0,100519,default,2.0,1.0,23.0,E,outlier,1.0,1
1152,c410340e-f994-36f6-bf05-b7f3039f5e11,0.00875,1.0,2.0,2,default,2.0,1.0,2.0,E,outlier,1.0,0
1151,28a94af2-9bac-3f99-adaf-9d991d085e12,0.0085,1.0,4.0,3,default,3.0,1.0,4.0,E,outlier,1.0,0
1149,5043161b-69a7-3533-9f9f-7a52026d279b,0.2887857142857142,0.2142857142857142,14.0,243,default,7.0,1.0,3.0,E,outlier,1.0,0
1148,89ba5d2e-d2e0-33eb-88eb-7d2cd9073544,10.012815217391305,0.2101449275362318,138.0,82907,default,4.0,1.0,29.0,E,outlier,1.0,1
1147,194fa898-9fd4-3896-aee7-0b7e13c131a7,0.3282222222222222,0.6111111111111112,18.0,355,default,3.0,1.0,11.0,E,outlier,1.0,0
1146,0f99569d-a414-3414-bfb9-60c0dc75f741,0.00225,1.0,4.0,1,default,4.0,1.0,4.0,E,outlier,1.0,0
1145,d6d16eae-a005-3d3c-83bd-222aa07ece53,0.7283,0.52,25.0,1093,default,2.0,1.0,13.0,E,outlier,1.0,0
1143,c7f1bc00-c506-3c2d-bd43-24130180acbb,0.009,0.5,2.0,2,datacenter,2.0,1.0,1.0,E,outlier,1.0,0
1142,b4b680b1-5a23-3e52-abfc-ddcbfe551195,0.7996388888888889,0.5,54.0,2591,default,2.0,1.0,27.0,E,outlier,1.0,0
1141,92cc56c7-92c0-36a3-b62f-93fbcfd9824c,2.733840909090909,0.3636363636363636,22.0,3609,default,2.0,1.0,8.0,E,outlier,1.0,0
1140,bc6a613b-4804-35aa-a60d-dffa1e7f751a,0.008,0.5,2.0,1,datacenter,2.0,1.0,1.0,E,outlier,1.0,0
1170,fc13c998-95f8-3991-a524-47fc9d336008,0.0638888888888888,0.1481481481481481,27.0,104,default,5.0,1.0,4.0,E,outlier,1.0,0
1168,83669c9c-4f39-3d11-9708-783b45398d31,0.04825,0.5,6.0,18,default,2.0,1.0,3.0,E,outlier,1.0,0
1167,60ba5689-83e2-37ce-80b6-949806d773fc,0.0143055555555555,0.2222222222222222,18.0,16,default,18.0,1.0,4.0,E,outlier,1.0,1
1166,eb21930d-ef38-3c12-aeec-6a18e144177e,2.5239969325153373,0.1319018404907975,326.0,49370,default,2.0,1.0,43.0,E,outlier,1.0,0
1165,538884b8-1a36-3bd0-abbc-8a12af1a3d1c,0.0012631578947368,0.5263157894736842,19.0,2,default,5.0,1.0,10.0,E,outlier,1.0,0
1163,c193dc4b-cd67-31f8-9a81-73025d09ab33,0.0520172413793103,0.3103448275862069,58.0,182,default,13.0,1.0,18.0,E,outlier,1.0,0
1161,ca9b26b3-5f2a-3117-97b2-cab176cc5372,0.4922380952380952,0.4761904761904761,21.0,621,default,2.0,1.0,10.0,E,outlier,1.0,0
1160,1a489cd2-1f78-3dde-9582-220a719e7926,5.704351351351352,0.7297297297297297,37.0,12664,default,2.0,1.0,27.0,E,outlier,1.0,1
1159,e23eef71-d650-39dd-835e-9991c13d9b5e,0.003625,0.25,12.0,3,default,12.0,1.0,3.0,E,outlier,1.0,1
1158,91037bc1-d82e-33aa-be77-d4606f776703,0.02325,1.0,2.0,3,default,2.0,1.0,2.0,E,outlier,1.0,0
1156,ba83fde3-b52b-3a05-a08f-43943d3adfea,0.2026176470588235,0.4117647058823529,34.0,414,default,5.0,1.0,14.0,E,outlier,1.0,0
1155,452ed726-b182-3114-8433-055d2fd08329,0.0025,0.5833333333333334,12.0,2,default,2.0,1.0,7.0,E,outlier,1.0,0
1185,0bc90732-56f3-3596-8784-a23d13e52e96,11.721073076923078,0.3230769230769231,130.0,91425,default,2.0,1.0,42.0,E,outlier,1.0,1
1184,0bc90732-56f3-3596-8784-a23d13e52e96,11.721073076923078,0.3230769230769231,130.0,91425,default,2.0,1.0,42.0,E,outlier,1.0,1
1183,0bc90732-56f3-3596-8784-a23d13e52e96,11.721073076923078,0.3230769230769231,130.0,91425,default,2.0,1.0,42.0,E,outlier,1.0,1
1182,0bc90732-56f3-3596-8784-a23d13e52e96,11.721073076923078,0.3230769230769231,130.0,91425,default,2.0,1.0,42.0,E,outlier,1.0,1
1181,0118f6b7-6986-3d48-a81d-4c00544c9967,0.0066666666666666,0.6666666666666666,3.0,2,default,3.0,1.0,2.0,E,outlier,1.0,0
1179,b7e0866f-e368-3a0e-971f-ca7e99329fa1,0.011,1.0,2.0,2,default,2.0,1.0,2.0,E,outlier,1.0,0
1178,83368189-7fc9-3db0-a362-8c194f01e379,10.668225352112676,0.4225352112676056,71.0,45447,default,2.0,1.0,30.0,E,outlier,1.0,1
1177,25b7f0da-f24f-3eb2-8b5e-61841dd241be,0.0035,0.5833333333333334,12.0,3,default,2.0,1.0,7.0,E,outlier,1.0,0
1176,cac73bb6-5ff6-3b25-982a-720f0265629f,0.2312142857142857,0.2142857142857142,14.0,195,default,7.0,1.0,3.0,E,outlier,1.0,0
1175,70d8a6ab-dca9-32cc-a083-a6aa3bcdbf4b,10.078358974358975,0.2564102564102564,78.0,47167,default,3.0,1.0,20.0,E,outlier,1.0,1
1173,d9548c9e-c05a-387c-b30a-a73989b504d5,0.002,0.6666666666666666,6.0,1,default,5.0,1.0,4.0,E,outlier,1.0,0
1171,4308708b-01e0-3f52-b501-0780bcb026a3,1.52875,1.0,6.0,551,default,2.0,1.0,6.0,E,outlier,1.0,0
1665,be9b1773-8409-3577-a839-26a73deeb0da,0.0771647058823529,0.2352941176470588,85.0,394,datacenter,3.0,1.0,20.0,E,outlier,1.0,0
1664,051eb8a8-dd48-356c-9fed-7d1c61acb3f5,0.00140625,0.25,16.0,2,datacenter,8.0,1.0,4.0,E,outlier,1.0,1
1663,ce308907-776a-377a-934e-a05118a05af1,0.1119841269841269,0.2222222222222222,63.0,424,datacenter,3.0,1.0,14.0,E,outlier,1.0,0
1662,7c36b2b6-464a-3362-8053-c0684d512c3e,0.006,1.0,3.0,2,datacenter,3.0,1.0,3.0,E,outlier,1.0,1
1661,a60aa35a-c8c7-343f-9b55-cc03e826a765,0.0505,1.0,2.0,7,datacenter,2.0,1.0,2.0,E,outlier,1.0,1
1660,a60aa35a-c8c7-343f-9b55-cc03e826a765,0.0505,1.0,2.0,7,datacenter,2.0,1.0,2.0,E,outlier,1.0,1
1659,a60aa35a-c8c7-343f-9b55-cc03e826a765,0.0505,1.0,2.0,7,datacenter,2.0,1.0,2.0,E,outlier,1.0,1
1658,a60aa35a-c8c7-343f-9b55-cc03e826a765,0.0505,1.0,2.0,7,datacenter,2.0,1.0,2.0,E,outlier,1.0,1
1657,944acfa6-d0d7-3b5a-97b5-f532017721de,0.00475,0.6666666666666666,6.0,2,datacenter,6.0,1.0,4.0,E,outlier,1.0,0
1656,bd291332-a100-337b-8fff-20ee8b64583b,0.113074074074074,0.1407407407407407,135.0,916,datacenter,3.0,1.0,19.0,E,outlier,1.0,0
1655,790a3277-b642-36d8-9657-a04cba704baa,0.105063492063492,0.238095238095238,63.0,398,datacenter,3.0,1.0,15.0,E,outlier,1.0,0
1654,8de39e15-69ee-35e2-8598-52928755c7c2,0.5298571428571429,0.4285714285714285,7.0,223,datacenter,4.0,1.0,3.0,E,outlier,1.0,0
1653,203862e6-c495-3a49-873c-ac4cf4e0ca2e,0.0034615384615384,0.3076923076923077,13.0,3,datacenter,11.0,1.0,4.0,E,outlier,1.0,0
1652,c2b37668-545f-3f3e-8bf8-f7732e7c9b15,0.0081999999999999,0.6,5.0,3,datacenter,5.0,1.0,3.0,E,outlier,1.0,0
1651,5002a0b5-624c-3eed-8948-e8958ceb87af,0.1141111111111111,0.2222222222222222,63.0,432,datacenter,3.0,1.0,14.0,E,outlier,1.0,0
1202,d9b416d9-5312-3cdd-a744-02ab993916bc,0.001,1.0,13.0,1,default,9.0,1.0,13.0,E,outlier,1.0,0
1201,b42f91ac-b4d7-3482-9c16-d551112e0a9d,0.0017777777777777,0.8888888888888888,9.0,1,default,5.0,1.0,8.0,E,outlier,1.0,0
1200,e9c785cd-c2ba-3a96-aa64-97c7111b6f52,0.0595,0.2272727272727272,44.0,158,default,11.0,1.0,10.0,E,outlier,1.0,0
1199,f8cdc32a-980c-3391-be63-142345d684ba,2.267,0.3333333333333333,9.0,1225,default,3.0,1.0,3.0,E,outlier,1.0,0
1198,d73fd9c8-4820-32e9-ae1e-8798d685f11f,0.0010526315789473,0.5263157894736842,19.0,2,default,5.0,1.0,10.0,E,outlier,1.0,0
1197,cc38c9d1-294c-3e99-b3a4-c6cc096d6847,0.7404627659574468,0.2659574468085106,94.0,4177,default,6.0,1.0,25.0,E,outlier,1.0,0
1196,b524d10a-1342-3051-b0e9-a06ff896abbf,0.066,1.0,2.0,8,default,2.0,1.0,2.0,E,outlier,1.0,0
1195,acfcda63-2369-3fff-ad5b-c309e9b50a50,0.4807558139534884,0.5116279069767442,43.0,1241,default,2.0,1.0,22.0,E,outlier,1.0,0
1194,acfcda63-2369-3fff-ad5b-c309e9b50a50,0.4807558139534884,0.5116279069767442,43.0,1241,default,2.0,1.0,22.0,E,outlier,1.0,0
1193,acfcda63-2369-3fff-ad5b-c309e9b50a50,0.4807558139534884,0.5116279069767442,43.0,1241,default,2.0,1.0,22.0,E,outlier,1.0,0
1192,acfcda63-2369-3fff-ad5b-c309e9b50a50,0.4807558139534884,0.5116279069767442,43.0,1241,default,2.0,1.0,22.0,E,outlier,1.0,0
1190,03387394-7dd5-3af6-881e-3fa413bb0a2f,0.011,1.0,2.0,2,default,2.0,1.0,2.0,E,outlier,1.0,0
1188,fc4757c5-6fd2-3f43-8e2b-93db64ea722f,0.08442,0.4,25.0,127,default,4.0,1.0,10.0,E,outlier,1.0,0
1187,c11ca37a-7917-3370-b2bd-97aa15667371,0.8376634615384615,0.4230769230769231,52.0,2614,default,2.0,1.0,22.0,E,outlier,1.0,0
1218,d0be6def-9a8d-3218-8fd9-4eed4ca1e583,7.064972972972973,0.7027027027027027,37.0,15685,default,2.0,1.0,26.0,E,outlier,1.0,1
1217,43f8045b-f5d0-33ae-97e2-6dd9e3302a35,0.1035,0.7,10.0,63,default,2.0,1.0,7.0,E,outlier,1.0,0
1216,341cfbdd-067c-3b04-8775-f6adfcf93a28,2.9757903930131007,0.1877729257641921,229.0,40888,default,2.0,1.0,43.0,E,outlier,1.0,0
1215,1316cb2f-832c-3405-a740-126b98b4ebd3,0.0014285714285714,0.8571428571428571,14.0,2,default,14.0,1.0,12.0,E,outlier,1.0,0
1214,df5ce3f6-fac3-3fb4-8366-c40b66527215,0.00725,0.5,2.0,1,datacenter,2.0,1.0,1.0,E,outlier,1.0,0
1213,4b17fc9e-fc38-3ba5-a6f4-9125de13dbf5,0.1565,0.8,5.0,47,default,2.0,1.0,4.0,E,outlier,1.0,0
1212,2d503721-9754-31fb-a401-03f36f2f2a6f,0.9535379310344828,0.1793103448275862,290.0,16592,default,2.0,1.0,52.0,E,outlier,1.0,0
1210,3087895e-8cef-3ad9-b74b-a555a460cbb3,0.6690952380952381,0.4761904761904761,21.0,844,default,3.0,1.0,10.0,E,outlier,1.0,0
1209,19d60885-2ef2-3629-85d5-bb196ffa2ee8,46.98109090909091,0.4090909090909091,22.0,62016,default,2.0,1.0,9.0,E,outlier,1.0,2
1208,90317ccb-13d5-3e48-9cd3-d0da714e0712,0.0058181818181818,0.9090909090909092,11.0,4,default,9.0,1.0,10.0,E,outlier,1.0,0
1207,d7dfb8af-c2c7-33f1-9f8e-73268e356084,0.621859375,0.4375,32.0,1194,default,2.0,1.0,14.0,E,outlier,1.0,0
1206,bf53ab82-2b4e-3820-8818-6c7f026eb106,0.60275,0.5,6.0,217,default,2.0,1.0,3.0,E,outlier,1.0,0
1205,4d00e98d-4ae2-329a-b3a2-d9f447646a0f,3.2100862068965514,0.4137931034482758,58.0,11172,default,3.0,1.0,24.0,E,outlier,1.0,0
1204,5d50893f-edf2-30f3-b0d6-490cb2724726,0.0135,1.0,2.0,2,default,2.0,1.0,2.0,E,outlier,1.0,0
1203,bc80f049-c1bc-33a0-8633-d20e1af83a8e,0.003,0.8333333333333334,6.0,2,default,5.0,1.0,5.0,E,outlier,1.0,0
1234,703195bf-553e-308b-8e2d-27a2ebb6d4bc,2.2770405405405403,0.2972972972972973,37.0,5056,default,2.0,1.0,11.0,E,outlier,1.0,0
1232,c88a44ea-ca96-34d1-b5c3-2a3f05304923,0.1277295081967213,0.1639344262295081,61.0,468,default,10.0,1.0,10.0,E,outlier,1.0,0
1231,b1d93e69-7dc2-3ddc-9fec-82a10776ce0b,0.45805,0.8,10.0,275,default,2.0,1.0,8.0,E,outlier,1.0,0
1230,90985a8b-3e16-38d7-a3a8-7887e177d1c8,0.1752173913043478,0.1304347826086956,23.0,242,default,12.0,1.0,3.0,E,outlier,1.0,0
1228,cee95e5f-0a1d-32a7-a271-4e0f0e4f9f3d,0.0019375,1.0,8.0,1,default,6.0,1.0,8.0,E,outlier,1.0,0
1227,b28b1fa3-48bf-3e23-ab67-4d3fe99a00b5,1.3121852791878172,0.1979695431472081,197.0,15511,default,2.0,1.0,39.0,E,outlier,1.0,0
1226,85bbb81c-ca26-3799-8f39-eb88cf2f6cc9,0.0029090909090909,0.9090909090909092,11.0,2,default,11.0,1.0,10.0,E,outlier,1.0,0
1225,562d2c2f-1c3e-34f5-9c30-7798ab4169b5,2.9852580645161293,0.3225806451612903,31.0,5553,default,4.0,1.0,10.0,E,outlier,1.0,0
1224,296e7d8a-36d0-37e3-8191-dcbb782feaa5,1.2718333333333331,1.0,3.0,229,datacenter,2.0,1.0,3.0,E,outlier,1.0,1
1223,e28fd4ea-8499-3adc-9a4b-f9b6d5cb3f89,0.0012857142857142,0.9285714285714286,14.0,2,default,10.0,1.0,13.0,E,outlier,1.0,0
1222,13de267a-a932-3768-b1c1-bab8f4ab16a9,0.15016,0.28,50.0,451,default,7.0,1.0,14.0,E,outlier,1.0,0
1221,83a7396f-797f-3150-b86a-2e090772da49,0.8047777777777778,0.4444444444444444,9.0,435,default,3.0,1.0,4.0,E,outlier,1.0,0
1220,249e7d79-0755-3232-8177-d7c439f7be88,0.0035,0.875,8.0,2,default,8.0,1.0,7.0,E,outlier,1.0,0
1219,d9d42754-eda2-39e4-adca-938fc369ce8b,0.0215,1.0,2.0,3,default,2.0,1.0,2.0,E,outlier,1.0,0
1250,549051df-266d-3b14-a7ae-fe65b486600d,20.33578947368421,0.5263157894736842,19.0,23183,default,2.0,1.0,10.0,E,outlier,1.0,1
1249,10d21443-20d4-374e-80fe-a173e985d9be,0.8589049999999999,0.43,100.0,5154,default,2.0,1.0,43.0,E,outlier,1.0,0
1248,c85a10f8-54e7-3c52-b4fd-fdabcde9dc06,4.7732625,0.55,40.0,11456,default,2.0,1.0,22.0,E,outlier,1.0,1
1247,c70d0be5-df38-32be-83dd-077eb25583c6,1.1560714285714286,0.5,42.0,2914,default,2.0,1.0,21.0,E,outlier,1.0,0
1246,74a1811b-4f48-3845-a714-68f8a6d792a2,0.006,0.5,2.0,1,default,2.0,1.0,1.0,E,outlier,1.0,0
1245,30b2cafb-a06c-353c-b582-7fe421f456ba,4.189119658119658,0.2051282051282051,117.0,29408,default,2.0,1.0,24.0,E,outlier,1.0,1
1243,0cdc6111-dc79-32d5-a221-5ba3df372c99,0.9239264705882352,0.5882352941176471,34.0,1885,default,2.0,1.0,20.0,E,outlier,1.0,0
1242,cd69a8ab-5149-3292-886c-b62c036029b3,10.640357142857145,1.0,7.0,4469,default,2.0,1.0,7.0,E,outlier,1.0,1
1240,89ca306d-5e92-35d6-89f1-18921ecba984,0.003625,0.25,4.0,1,datacenter,4.0,1.0,1.0,E,outlier,1.0,1
1239,5897e933-1aa5-367a-81d0-04362529cca7,0.5691422594142259,0.1841004184100418,239.0,8162,default,2.0,1.0,44.0,E,outlier,1.0,0
1238,a45d01bf-d3d2-3151-9d8c-600edee2a287,45.74734782608696,0.5217391304347826,23.0,63132,default,2.0,1.0,12.0,E,outlier,1.0,2
1237,b55118d9-c26e-307e-8ced-31b40d238ca9,0.1641025641025641,0.2564102564102564,39.0,384,default,5.0,1.0,10.0,E,outlier,1.0,0
1236,7edc1dc2-48fd-35f8-8830-13cf546cc385,0.043375,0.5833333333333334,12.0,32,default,2.0,1.0,7.0,E,outlier,1.0,0
1266,f1cdecb6-ad3e-30ac-a04b-b6a7cf8bfd29,0.0633333333333333,0.6666666666666666,3.0,12,default,3.0,1.0,2.0,E,outlier,1.0,0
1265,799a5172-1a9e-386c-9117-a13b150f714c,0.3506,0.9,10.0,211,default,2.0,1.0,9.0,E,outlier,1.0,0
1264,201dc586-7d13-37ad-b434-148f2a2049ca,0.7276666666666667,0.5,6.0,262,default,4.0,1.0,3.0,E,outlier,1.0,0
1263,df2fb23a-acc1-3375-b18b-dec7dc388041,18.789785714285717,0.8571428571428571,14.0,15784,default,2.0,1.0,12.0,E,outlier,1.0,1
1260,1197c7a2-8ad8-3bdf-b579-def4550d2f4a,0.335,0.6,5.0,101,default,4.0,1.0,3.0,E,outlier,1.0,0
1259,98bd7fbe-bb0e-3f86-88df-54b04b64f29e,4.6,0.8333333333333334,12.0,3312,default,3.0,1.0,10.0,E,outlier,1.0,1
1256,dd2133c1-81dd-31e5-b073-bba8f283a153,26.36399504950495,0.1584158415841584,101.0,159766,default,2.0,1.0,16.0,E,outlier,1.0,2
1255,d4e61593-7f9e-306b-961c-12e8315e4adc,0.895125,0.75,4.0,215,default,2.0,1.0,3.0,E,outlier,1.0,0
1254,83d62555-f0a8-3377-ba5a-df8eda48b7ed,2.749826923076923,0.2307692307692307,52.0,8580,default,4.0,1.0,12.0,E,outlier,1.0,0
1253,063aac1e-0169-34b2-b2f3-75c82f25e4ca,0.076875,1.0,4.0,19,default,2.0,1.0,4.0,E,outlier,1.0,0
1252,f63def72-3609-3b0a-9e71-5a174dddc954,3.5641875,0.875,8.0,1711,default,2.0,1.0,7.0,E,outlier,1.0,0
1251,5e8cc48d-d2bc-35e7-a6d8-32405012e105,41.28322727272728,0.4545454545454545,22.0,54494,default,2.0,1.0,10.0,E,outlier,1.0,1
1650,a1af916a-8ea4-333d-8ef0-a5e2727d02e3,0.0083333333333333,0.3333333333333333,3.0,2,datacenter,3.0,1.0,1.0,E,outlier,1.0,0
1649,3f3a0d08-c635-3a82-aaaa-55b09c51f9e8,5.169958904109588,0.4520547945205479,73.0,22645,datacenter,2.0,1.0,33.0,E,outlier,1.0,1
1648,9f9232ba-e430-3f30-bf2c-2fa1c1e02af2,0.0035294117647058,0.2352941176470588,17.0,4,datacenter,17.0,1.0,4.0,E,outlier,1.0,1
1645,cdeb61ec-316c-33d4-91d9-160ccd183e0e,0.134525641025641,0.2435897435897435,78.0,630,datacenter,3.0,1.0,19.0,E,outlier,1.0,0
1644,43dad08a-fe86-377e-906c-2711cf6095a7,0.086,1.0,2.0,11,datacenter,2.0,1.0,2.0,E,outlier,1.0,1
1643,f28b977a-6728-3043-91e6-1e4e8c363950,0.1166031746031746,0.2222222222222222,63.0,441,datacenter,3.0,1.0,14.0,E,outlier,1.0,0
1642,d9341169-010a-3a05-a529-c44af7e9daea,0.1221587301587301,0.238095238095238,63.0,462,datacenter,3.0,1.0,15.0,E,outlier,1.0,0
1641,dd5e03e5-7c56-3c0f-bd01-234ab469f872,0.114943396226415,0.2641509433962264,53.0,366,datacenter,3.0,1.0,14.0,E,outlier,1.0,0
1640,df6eaebc-cb3d-3d9c-90d3-def7e8ad5e52,0.0046666666666666,0.3333333333333333,3.0,1,datacenter,3.0,1.0,1.0,E,outlier,1.0,0
1639,c03dff2b-8d65-33c8-9fdb-1f172af3fc87,0.0967777777777777,0.2222222222222222,63.0,366,datacenter,3.0,1.0,14.0,E,outlier,1.0,0
1638,b15913c7-223e-33c0-a5f8-ae508d58da1a,0.00425,0.6666666666666666,6.0,2,datacenter,6.0,1.0,4.0,E,outlier,1.0,0
1637,e7d6e08d-bdb6-3c42-bed7-d0f12deeca7d,0.1225873015873015,0.2222222222222222,63.0,464,datacenter,3.0,1.0,14.0,E,outlier,1.0,0
1636,92721a64-ad4a-372a-8cbf-e093bfdc23ce,0.050375,0.75,4.0,13,datacenter,4.0,1.0,3.0,E,outlier,1.0,1
1635,62139811-55cd-389d-90c7-b2ef4b7f3590,0.1246470588235294,0.2745098039215686,51.0,382,datacenter,3.0,1.0,14.0,E,outlier,1.0,0
1282,0fd03031-855d-3265-b56d-c0c1b7bd821e,0.05518,0.2,50.0,166,default,5.0,1.0,10.0,E,outlier,1.0,0
1281,07b46024-1135-3fe8-8a33-a4ad75be3713,0.005,0.75,4.0,2,default,3.0,1.0,3.0,E,outlier,1.0,0
1280,c0d175d0-c32e-36ed-bf12-83f3612c0739,2.958545918367347,0.1938775510204081,98.0,17397,default,2.0,1.0,19.0,E,outlier,1.0,0
1279,a2d9ca5e-6e26-387b-a851-e6d80b5f3b82,0.1153461538461538,0.3846153846153846,26.0,180,default,3.0,1.0,10.0,E,outlier,1.0,0
1274,c5a38cfd-f959-35d2-aab0-0f2dc9a6b64b,0.0025286956521739,0.048695652173913,575.0,88,default,21.0,1.0,28.0,E,outlier,1.0,1
1273,93c70a72-89a4-39a4-a1f4-b742c15bd3bc,0.0048333333333333,0.6666666666666666,6.0,2,default,4.0,1.0,4.0,E,outlier,1.0,0
1272,27c7adb1-0717-3d85-ad56-9d7d27fc6d20,0.0508333333333333,1.0,3.0,10,default,2.0,1.0,3.0,E,outlier,1.0,0
1271,3d553306-5b91-3bc0-bcf5-b569ab4ea058,0.0014615384615384,1.0,13.0,2,default,9.0,1.0,13.0,E,outlier,1.0,0
1270,b2ec2624-bd70-3070-804b-62748acc9f2f,0.2191356673960612,0.1291028446389496,457.0,6009,default,4.0,1.0,59.0,E,outlier,1.0,1
1269,0dad55e7-3a84-3004-b0f8-063bda3ad28a,0.2174375,0.5,16.0,209,default,2.0,1.0,8.0,E,outlier,1.0,0
1267,f43fabc1-3665-3122-ad7b-9ed12be46109,1.88075,0.625,8.0,903,default,2.0,1.0,5.0,E,outlier,1.0,0
1294,d5fa53a0-e998-39f1-b00b-7381fe071492,0.96625,0.3846153846153846,78.0,4523,default,2.0,1.0,30.0,E,outlier,1.0,0
1293,be90b0af-9b2e-3928-8127-ddbbfff32501,0.002125,1.0,8.0,2,default,6.0,1.0,8.0,E,outlier,1.0,0
1291,4eb89055-6e0e-3a72-b273-265e7bb51d8b,0.0058333333333333,0.6666666666666666,6.0,3,default,4.0,1.0,4.0,E,outlier,1.0,0
1290,30ede05e-1f36-33ec-849c-b9d8dff70fa1,0.008,0.5,2.0,1,datacenter,2.0,1.0,1.0,E,outlier,1.0,0
1288,85f5f769-b53d-31b2-b53f-b47a38ce7880,0.00275,0.8333333333333334,12.0,2,default,12.0,1.0,10.0,E,outlier,1.0,0
1287,62019226-8bdb-3c53-ad5a-90b90529dea9,21.208,0.5945945945945946,37.0,47082,default,2.0,1.0,22.0,E,outlier,1.0,1
1286,3d8a0484-13eb-38aa-870b-d9bc5caec6ca,0.067,1.0,2.0,9,default,2.0,1.0,2.0,E,outlier,1.0,0
1285,64de766e-62d1-3f9c-8ce4-9de8b2fc168e,0.3436666666666667,0.8333333333333334,6.0,124,default,2.0,1.0,5.0,E,outlier,1.0,0
1284,e50a1296-d63f-33bd-b151-49526e6ef466,0.0018888888888888,0.8888888888888888,9.0,2,default,5.0,1.0,8.0,E,outlier,1.0,0
1314,e35713c0-1c6d-3775-bbda-481298f38d14,0.0101999999999999,0.6,5.0,4,default,5.0,1.0,3.0,E,outlier,1.0,0
1313,c1887778-69e6-3f5a-b22f-d1fc986a054a,0.4285483870967742,0.2580645161290322,31.0,798,default,2.0,1.0,8.0,E,outlier,1.0,0
1311,222b2c55-6705-3e07-8680-b5d76fd5f680,21.59933333333333,0.4,30.0,38879,default,2.0,1.0,12.0,E,outlier,1.0,1
1309,0d3b95c2-dd2a-31e4-9902-39a32b3c7eb7,0.13745,0.7,10.0,83,default,2.0,1.0,7.0,E,outlier,1.0,0
1306,a2aa7767-f99a-3e8e-81f6-c75dc3c582e1,1.778529761904762,0.3214285714285714,84.0,8964,default,2.0,1.0,27.0,E,outlier,1.0,0
1305,23fcfb81-42ba-3576-92ad-3f16194ed124,0.0051818181818181,0.9090909090909092,11.0,4,default,9.0,1.0,10.0,E,outlier,1.0,0
1304,00bcf38a-a97e-3a9c-8ba6-1383596682c2,0.00525,1.0,4.0,2,default,3.0,1.0,4.0,E,outlier,1.0,0
1302,59f9c567-eb4e-320a-9a06-91e56ba9a7bb,0.3740238095238095,0.6666666666666666,21.0,472,default,2.0,1.0,14.0,E,outlier,1.0,0
1300,6dda7eee-1a03-39b3-a896-96a1f0c2f58f,0.4246388888888889,0.5555555555555556,18.0,459,default,2.0,1.0,10.0,E,outlier,1.0,0
1299,28cefa22-acc9-3143-adcf-f1d97183205f,0.9792114537444934,0.224669603524229,227.0,13337,default,2.0,1.0,51.0,E,outlier,1.0,0
1631,ba43ea79-1fe2-3f03-a9fb-c5daed0ffab7,0.0216,0.6,5.0,7,datacenter,3.0,1.0,3.0,E,outlier,1.0,0
1630,3ef25ea9-e624-3b3e-b410-0db43dcff461,0.00725,1.0,2.0,1,datacenter,2.0,1.0,2.0,E,outlier,1.0,1
1629,33f5117a-5469-35c0-8d39-ecd652ce46ba,0.1281587301587301,0.238095238095238,63.0,485,datacenter,3.0,1.0,15.0,E,outlier,1.0,0
1627,0f769644-6369-3825-9c29-935a229ed081,0.0076666666666666,1.0,3.0,2,datacenter,3.0,1.0,3.0,E,outlier,1.0,1
1625,5c46d477-f667-3c00-8e48-109e6ee061d7,0.0976190476190476,0.2222222222222222,63.0,369,datacenter,3.0,1.0,14.0,E,outlier,1.0,0
1624,f75b2335-7f20-343f-9942-364dbc61a92f,0.0053333333333333,1.0,3.0,1,datacenter,3.0,1.0,3.0,E,outlier,1.0,1
1623,834c12b5-c0f9-3029-b7d8-0566b753038f,0.1588412698412698,0.2222222222222222,63.0,601,datacenter,3.0,1.0,14.0,E,outlier,1.0,0
1622,834c12b5-c0f9-3029-b7d8-0566b753038f,0.1588412698412698,0.2222222222222222,63.0,601,datacenter,3.0,1.0,14.0,E,outlier,1.0,0
1621,834c12b5-c0f9-3029-b7d8-0566b753038f,0.1588412698412698,0.2222222222222222,63.0,601,datacenter,3.0,1.0,14.0,E,outlier,1.0,0
1620,834c12b5-c0f9-3029-b7d8-0566b753038f,0.1588412698412698,0.2222222222222222,63.0,601,datacenter,3.0,1.0,14.0,E,outlier,1.0,0
1330,5654cc55-2810-3103-8401-22678dedc192,0.0075,0.5,2.0,1,datacenter,2.0,1.0,1.0,E,outlier,1.0,0
1329,114c50fa-16b5-359f-bbd2-dadecde3b277,1.43863,0.175,200.0,17264,default,2.0,1.0,35.0,E,outlier,1.0,0
1328,ec408fd5-c154-3679-b101-f3adf47b43d8,0.0175267857142857,0.2589285714285714,112.0,118,default,19.0,1.0,29.0,E,outlier,1.0,0
1327,c66023c9-4cc8-3fbb-af71-3a9bb22828bd,0.04725,1.0,2.0,6,default,2.0,1.0,2.0,E,outlier,1.0,0
1326,988b8f9d-6cc8-3451-8bf2-022aa33c5549,2.234935483870968,0.5645161290322581,62.0,8314,default,2.0,1.0,35.0,E,outlier,1.0,0
1324,ba95a958-9986-3108-90bd-73319e753671,0.0993417721518987,0.1518987341772152,79.0,471,default,9.0,1.0,12.0,E,outlier,1.0,0
1323,5b3139b3-5f0f-3e53-b8d6-1c07fde757a0,3.1715,0.48,25.0,4758,default,2.0,1.0,12.0,E,outlier,1.0,0
1322,0770ef71-923b-352d-b185-140caf94f53e,0.00825,0.5,2.0,1,datacenter,2.0,1.0,1.0,E,outlier,1.0,0
1321,e7423a60-a635-3559-a350-318fe9e491bd,0.406,0.4,10.0,244,default,5.0,1.0,4.0,E,outlier,1.0,0
1320,5cb73795-381c-39b3-8a90-74d0070548d9,3.4339473684210526,0.7368421052631579,19.0,3915,default,2.0,1.0,14.0,E,outlier,1.0,0
1316,5a4d0334-3f24-3811-9373-9a2c4d3bf36f,0.0013125,0.5,8.0,1,default,6.0,1.0,4.0,E,outlier,1.0,0
1346,6923ade6-c2ad-368c-8430-caa52b97157a,55.363375,0.5,8.0,26575,default,2.0,1.0,4.0,E,outlier,1.0,1
1345,c61b94bf-8f96-384c-aaf7-556b88881892,0.00575,1.0,2.0,1,default,2.0,1.0,2.0,E,outlier,1.0,0
1344,8c603b36-76b3-38a9-8a59-10f40e4cd2ce,0.0085425101214574,0.1093117408906882,247.0,127,default,26.0,1.0,27.0,E,outlier,1.0,1
1342,43bb0c22-a481-3b8c-aef6-0d76eff8bfec,0.6076323529411765,0.6764705882352942,34.0,1240,default,2.0,1.0,23.0,E,outlier,1.0,0
1341,286cf539-f6df-3af7-a0d9-fd9c0149b5d5,0.007,0.5,2.0,1,default,2.0,1.0,1.0,E,outlier,1.0,0
1339,5071ded9-e038-3e37-ab21-72440a26ca93,0.0021875,0.75,8.0,2,default,8.0,1.0,6.0,E,outlier,1.0,0
1338,06e61dbd-14b3-3ec7-88ce-1bc0125f2bda,5.741806122448979,0.2993197278911564,147.0,50643,default,2.0,1.0,44.0,E,outlier,1.0,1
1337,db31ccb9-8415-3d01-96a0-cc6344daa888,0.01025,1.0,2.0,2,default,2.0,1.0,2.0,E,outlier,1.0,0
1336,d4dce78a-a7d0-3162-a1bd-774bbf78e7bd,2.056586206896552,0.5172413793103449,29.0,3579,default,2.0,1.0,15.0,E,outlier,1.0,0
1335,8d042f89-1da9-3a79-b95e-295466f18cbc,0.0016666666666666,0.8888888888888888,9.0,1,default,5.0,1.0,8.0,E,outlier,1.0,0
1334,f887462c-76a3-315c-ab83-6956aab89c95,1.4064173913043478,0.1565217391304348,115.0,9705,default,2.0,1.0,18.0,E,outlier,1.0,0
1333,c2e04f4f-9b9d-3caa-806a-94a62209d904,0.5923846153846154,0.6153846153846154,13.0,463,default,2.0,1.0,8.0,E,outlier,1.0,0
1332,270c4cd6-3c4a-3cf9-a99f-30c2909cdd69,3.227523809523809,0.7142857142857143,21.0,4067,default,2.0,1.0,15.0,E,outlier,1.0,0
1331,fc786950-6f16-3d66-a7bb-01c19abc6363,0.186,0.5,2.0,23,default,2.0,1.0,1.0,E,outlier,1.0,0
1618,dd598934-63f7-3ab2-8552-1b6b1892c60a,0.1028412698412698,0.238095238095238,63.0,389,datacenter,3.0,1.0,15.0,E,outlier,1.0,0
1617,786dc3d9-2f9e-346a-9ce7-8710f41aac29,0.1054444444444444,0.238095238095238,63.0,399,datacenter,3.0,1.0,15.0,E,outlier,1.0,0
1616,81177720-1287-300e-a43e-7f234be57c8d,0.1718730158730158,0.2222222222222222,63.0,650,datacenter,3.0,1.0,14.0,E,outlier,1.0,0
1615,3e817808-4fcb-3612-8fc1-b0f2f43f72d4,0.1349014084507042,0.2394366197183098,71.0,575,datacenter,3.0,1.0,17.0,E,outlier,1.0,0
1614,667f68b7-932d-3e10-a9f8-8ce2f15e5bce,0.0880909090909091,0.2467532467532467,77.0,407,datacenter,3.0,1.0,19.0,E,outlier,1.0,0
1613,cbf3e9b2-3552-3c26-817f-0e60a21f287a,0.003,0.5,6.0,2,datacenter,6.0,1.0,3.0,E,outlier,1.0,0
1612,7f27dfdd-f138-3d23-bec2-51cd7409f788,0.1322539682539682,0.2222222222222222,63.0,500,datacenter,3.0,1.0,14.0,E,outlier,1.0,0
1611,5fcc9c48-a840-36de-8006-44946c54d4fa,0.0284166666666666,0.3333333333333333,12.0,21,datacenter,11.0,1.0,4.0,E,outlier,1.0,0
1610,29b7f7d1-b9b1-3b95-abbb-fc29fcb51e86,0.0042666666666666,0.2666666666666666,15.0,4,datacenter,15.0,1.0,4.0,E,outlier,1.0,1
1609,aabfba25-9b53-3579-9f1c-b76cd70811f0,0.0083333333333333,0.6666666666666666,3.0,2,datacenter,3.0,1.0,2.0,E,outlier,1.0,0
1608,d9da594c-8cc9-35c1-bcc2-adcd93fee709,0.053125,0.75,4.0,13,datacenter,4.0,1.0,3.0,E,outlier,1.0,1
1607,c6d5c783-6b35-396c-8d78-68408658118e,0.0302857142857142,0.2857142857142857,7.0,13,datacenter,7.0,1.0,2.0,E,outlier,1.0,0
1606,cbddfc89-6320-3d10-81cd-1ff6e54977fa,0.0066,0.2,5.0,2,datacenter,5.0,1.0,1.0,E,outlier,1.0,1
1604,6291420d-9816-3d36-b877-8292002bdbd8,0.2598076923076923,0.6923076923076923,13.0,203,datacenter,2.0,1.0,9.0,E,outlier,1.0,0
1603,06635378-d040-31e1-8b04-f11f089eb2cb,0.0506666666666666,0.1666666666666666,6.0,19,datacenter,6.0,1.0,1.0,E,outlier,1.0,0
1362,b1b4d829-f978-36b6-b4ce-f4aeb3ad2288,0.01175,0.75,4.0,3,datacenter,3.0,1.0,3.0,E,outlier,1.0,1
1361,c838c0a4-3f4b-3e41-bb8b-a34269fc2767,0.0045833333333333,0.6666666666666666,6.0,2,default,4.0,1.0,4.0,E,outlier,1.0,0
1360,52a5b1c0-11c6-3329-9bbf-74ac4b6c0b47,10.61148,0.3,50.0,31835,default,2.0,1.0,15.0,E,outlier,1.0,1
1359,155fdbe3-84d0-37b2-a37f-ae51f84d0dd1,0.5694191616766467,0.1796407185628742,167.0,5706,default,5.0,1.0,30.0,E,outlier,1.0,0
1357,3c1d48a5-b6a7-3a5f-baeb-9ef32bae17e4,0.0069,0.1285714285714285,210.0,87,default,23.0,1.0,27.0,E,outlier,1.0,1
1356,f7cb02bb-934a-334b-9b72-e69a5065122e,19.133529411764705,0.2745098039215686,51.0,58549,default,2.0,1.0,14.0,E,outlier,1.0,1
1355,ebbc6ab5-ed91-3908-9ceb-afb91897697d,0.4415874999999999,0.134375,320.0,8479,default,2.0,1.0,43.0,E,outlier,1.0,0
1354,b9cd53d1-8923-3611-b235-a75adca18b38,0.0588,0.5,20.0,71,default,3.0,1.0,10.0,E,outlier,1.0,0
1353,d6506921-450a-361b-91d5-d0dce52aeef5,0.207,0.4761904761904761,21.0,261,default,3.0,1.0,10.0,E,outlier,1.0,0
1352,995a2da3-18f0-3400-a158-d97ce9f36d16,0.0065,1.0,4.0,2,default,3.0,1.0,4.0,E,outlier,1.0,0
1351,657820ef-f709-3ed4-8306-a74f3d50265a,0.0525,1.0,2.0,7,default,2.0,1.0,2.0,E,outlier,1.0,0
1349,55d29f9b-a9e8-35f0-95fc-66ac1b0cee75,0.4082303370786517,0.2921348314606741,89.0,2180,default,2.0,1.0,26.0,E,outlier,1.0,0
1348,931c11e2-66c8-30c6-a731-eb410d38a1af,2.936099173553719,0.1652892561983471,242.0,42633,default,2.0,1.0,40.0,E,outlier,1.0,0
1347,6b289ebc-45ff-33df-a384-a951041a94a3,2.7446346153846157,0.2692307692307692,78.0,12845,default,2.0,1.0,21.0,E,outlier,1.0,0
1378,23a53262-585e-314e-947d-c479fc188a6e,0.0019375,1.0,8.0,1,default,6.0,1.0,8.0,E,outlier,1.0,0
1377,84b91298-0b39-360a-8f9c-88f4fb871df8,0.0049090909090909,0.9090909090909092,11.0,4,default,9.0,1.0,10.0,E,outlier,1.0,0
1376,45328940-5966-3e80-b89a-3ca7ac29a828,0.1791111111111111,0.6666666666666666,9.0,97,default,2.0,1.0,6.0,E,outlier,1.0,0
1375,d3904418-36a2-313f-aca8-9e8ddc20dda2,1.2663202247191012,0.2808988764044944,89.0,6763,default,2.0,1.0,25.0,E,outlier,1.0,0
1374,6850a96a-31ad-330e-b5e7-a48b253fd9f0,0.002,0.9285714285714286,14.0,2,default,9.0,1.0,13.0,E,outlier,1.0,0
1372,be56b5e8-c2c3-3d36-8809-cc7892180581,0.0075,1.0,2.0,1,default,2.0,1.0,2.0,E,outlier,1.0,0
1371,7564f052-4f0f-38bf-92c0-67f21cc3f3b3,0.0175,1.0,10.0,11,default,2.0,1.0,10.0,E,outlier,1.0,0
1370,55eba7fd-b6f8-3e84-a19e-a37c74aa0fbe,0.0174,0.6,5.0,6,default,2.0,1.0,3.0,E,outlier,1.0,0
1369,2a0e5f64-7376-3236-a55f-a72d0d15a68d,81.1654117647059,0.5882352941176471,17.0,82789,default,2.0,1.0,10.0,E,outlier,1.0,3
1368,fd384a3f-5e0a-39b1-9231-c6c03e4f702a,0.01075,1.0,2.0,2,default,2.0,1.0,2.0,E,outlier,1.0,0
1367,b8c97f0a-d803-3dc2-8fa7-3290a0c72d67,0.002625,1.0,12.0,2,default,8.0,1.0,12.0,E,outlier,1.0,0
1366,fe2a9177-33b6-332e-b309-3a4beeede4cb,0.0014166666666666,0.6666666666666666,6.0,1,default,6.0,1.0,4.0,E,outlier,1.0,0
1364,66e4749b-9cf4-3d99-9e33-47bf2a439731,0.314452380952381,0.4285714285714285,21.0,397,default,4.0,1.0,9.0,E,outlier,1.0,0
1363,cd5c2fe4-28d9-30cf-9a6e-4fd59844bce9,0.0234318181818181,0.2386363636363636,88.0,124,default,31.0,1.0,21.0,E,outlier,1.0,0
1394,3da8d060-73e4-3e9c-82da-a6f9741a387a,0.9593564814814816,0.3703703703703703,108.0,6217,default,2.0,1.0,40.0,E,outlier,1.0,0
1393,02ef1f8c-6457-3066-8431-2a7ff8415552,0.002391304347826,0.5652173913043478,23.0,4,default,8.0,1.0,13.0,E,outlier,1.0,0
1391,b35a3a80-8f43-332f-a3ec-06611ef0191b,0.2348611111111111,0.1666666666666666,18.0,254,default,10.0,1.0,3.0,E,outlier,1.0,0
1390,16d91300-4b08-384b-84cc-7319587ac314,1.5965714285714288,0.4285714285714285,7.0,671,default,3.0,1.0,3.0,E,outlier,1.0,0
1389,79f6ac06-681f-342b-89e7-b5e79599262c,3.836141791044776,0.3134328358208955,67.0,15422,default,2.0,1.0,21.0,E,outlier,1.0,1
1388,6977e45a-e4b5-3bd4-8737-90602e179d43,0.006,1.0,2.0,1,default,2.0,1.0,2.0,E,outlier,1.0,0
1387,50adaa3e-5b69-34bb-86d1-e198dd9712e4,0.008,0.5,2.0,1,datacenter,2.0,1.0,1.0,E,outlier,1.0,0
1385,0c610276-c575-3d47-8748-0358a0e6f39f,0.120326923076923,0.5,26.0,188,default,8.0,1.0,13.0,E,outlier,1.0,0
1383,8555c40b-145a-3afb-8c40-16698fe0cabe,0.0019375,1.0,8.0,1,default,6.0,1.0,8.0,E,outlier,1.0,0
1382,3378c7f1-fe92-3832-aa46-cfbea3f6e30e,0.0125,0.5,6.0,5,default,2.0,1.0,3.0,E,outlier,1.0,0
1379,98b22e9b-51a0-3ee4-99b2-237ec45b67a0,0.00225,1.0,12.0,2,default,8.0,1.0,12.0,E,outlier,1.0,0
1410,2a23a996-4ebf-3108-9a85-27e5d3798715,0.005090909090909,0.9090909090909092,11.0,4,default,9.0,1.0,10.0,E,outlier,1.0,0
1408,48e26fb4-cbcb-3381-99c9-52eaa0ec4c0a,0.6194285714285714,0.4285714285714285,7.0,261,default,4.0,1.0,3.0,E,outlier,1.0,0
1407,42752144-40ff-3abc-b88c-adf61f6d9956,0.37825,0.75,4.0,91,default,2.0,1.0,3.0,E,outlier,1.0,0
1406,e8ebb205-606d-3e37-bee0-f6db1885bbf1,0.0034545454545454,0.9090909090909092,11.0,3,default,9.0,1.0,10.0,E,outlier,1.0,0
1405,3a27414f-5481-3dbe-82c6-7a2fdaf39860,3.240220873786408,0.145631067961165,412.0,80099,default,2.0,1.0,60.0,E,outlier,1.0,0
1404,90d1394b-c557-3d96-9c0e-6697d2ccd813,0.003,0.75,4.0,1,default,3.0,1.0,3.0,E,outlier,1.0,0
1403,22c640e7-b29e-3f27-93da-4c7198c8db9e,0.0996666666666666,1.0,3.0,18,default,3.0,1.0,3.0,E,outlier,1.0,0
1402,fe7ea00d-deab-384f-9e80-f133d6a85af5,0.0096028368794326,0.1843971631205673,141.0,82,default,24.0,1.0,26.0,E,outlier,1.0,1
1401,d2a793d7-0683-3f6d-b2e8-eab2924e2c25,18.909666666666663,0.6666666666666666,9.0,10212,default,2.0,1.0,6.0,E,outlier,1.0,1
1400,c1ddcfc7-1bfa-3948-85cc-5f2d679332ce,0.01025,1.0,2.0,2,default,2.0,1.0,2.0,E,outlier,1.0,0
1399,a3e0801a-a235-35b9-9587-01bb163f4b8a,0.1341818181818181,0.7272727272727273,11.0,89,default,2.0,1.0,8.0,E,outlier,1.0,0
1398,7d27a2f1-0cf1-3181-b81c-a1c4034d54e0,2.6115,1.0,3.0,471,default,2.0,1.0,3.0,E,outlier,1.0,0
1397,3922559a-7d04-3c8f-8f0a-c97884127760,0.4520984848484848,0.1477272727272727,264.0,7162,default,2.0,1.0,39.0,E,outlier,1.0,0
1396,95976b79-773d-339b-9c71-d1c9bfcb6d9c,22.90945333333333,0.36,75.0,103093,default,2.0,1.0,27.0,E,outlier,1.0,1
1395,65def133-b2a4-3365-abfc-6e3fd2b573d2,2.985230769230769,0.6153846153846154,13.0,2329,default,2.0,1.0,8.0,E,outlier,1.0,0
1425,abe27714-acd5-399e-ad50-8d91361fe4d3,1.7049756097560975,0.3536585365853658,82.0,8389,default,3.0,1.0,29.0,E,outlier,1.0,0
1423,925e3e61-d3a1-3785-b069-b7c411378439,0.062,1.0,2.0,8,default,2.0,1.0,2.0,E,outlier,1.0,0
1422,09b27dcc-934e-3ff7-b1df-ddb14894d1e3,1.1024347826086958,0.3043478260869565,46.0,3043,default,2.0,1.0,14.0,E,outlier,1.0,0
1421,6b348ed7-6318-33fb-8b47-6e578f57f276,0.0025625,0.375,8.0,2,datacenter,6.0,1.0,3.0,E,outlier,1.0,0
1420,2084cf94-71c0-3431-8407-0fda41146c9b,1.118925561797753,0.1348314606741573,356.0,23901,default,2.0,1.0,48.0,E,outlier,1.0,0
1419,0a431e90-3fb4-3c9f-86c5-1602dc5eb5dc,28.738330357142857,0.3214285714285714,56.0,96561,default,2.0,1.0,18.0,E,outlier,1.0,1
1418,2d96b834-e0bf-3368-9a66-c802db9253c9,0.4564444444444444,0.3333333333333333,9.0,247,default,5.0,1.0,3.0,E,outlier,1.0,0
1417,f1dd44ae-381f-3c4b-804f-e0a0d52a436e,0.1864482758620689,0.3448275862068966,29.0,325,default,4.0,1.0,10.0,E,outlier,1.0,0
1416,7a43941e-2ddf-34f8-97fd-a8b8751cb96a,0.5553541666666666,0.5833333333333334,24.0,800,default,2.0,1.0,14.0,E,outlier,1.0,0
1415,50e79386-765d-319e-9c99-803fa953152a,0.0086,0.6,5.0,3,default,5.0,1.0,3.0,E,outlier,1.0,0
1414,4c05a398-5e65-3289-ba84-fe34c8e792c9,2.6953165938864627,0.1572052401746725,229.0,37034,default,2.0,1.0,36.0,E,outlier,1.0,0
1413,e6358114-bf57-31fa-abe1-62435c9888ae,3.705173333333333,0.44,75.0,16674,default,2.0,1.0,33.0,E,outlier,1.0,1
1601,770218b2-d64d-3e45-b542-5db8e5e558c7,0.1103333333333333,0.2222222222222222,63.0,418,datacenter,3.0,1.0,14.0,E,outlier,1.0,0
1600,d831543c-4d92-3cdc-9bee-3ecde9f9c7ff,0.03425,0.75,4.0,9,datacenter,4.0,1.0,3.0,E,outlier,1.0,1
1599,add6b83d-4663-3f8d-8baa-f983b5364e11,0.117063492063492,0.2222222222222222,63.0,443,datacenter,3.0,1.0,14.0,E,outlier,1.0,0
1598,d8479a92-b734-305f-b77f-8a0f3c3992b9,0.0040833333333333,0.6666666666666666,6.0,2,datacenter,6.0,1.0,4.0,E,outlier,1.0,0
1597,6f529010-581f-3445-a435-b775a88ca81c,0.089338028169014,0.2394366197183098,71.0,381,datacenter,3.0,1.0,17.0,E,outlier,1.0,0
1594,dff9ca32-558c-3ddd-b9fc-a63a5c8d8b57,0.00625,1.0,2.0,1,datacenter,2.0,1.0,2.0,E,outlier,1.0,1
1592,f9e43a04-fd82-3277-a240-795421582b47,0.0093333333333333,0.3333333333333333,3.0,2,datacenter,3.0,1.0,1.0,E,outlier,1.0,0
1591,eabe89b6-b5f0-34c1-9cbd-6852d2ed9043,0.017375,0.625,8.0,9,datacenter,8.0,1.0,5.0,E,outlier,1.0,0
1590,133d97a2-c195-3ae4-a961-7cc09693eb71,0.0083333333333333,0.3333333333333333,3.0,2,datacenter,3.0,1.0,1.0,E,outlier,1.0,0
1589,b481c3d1-c9cf-3455-b054-1ceffae8a7de,0.0887662337662337,0.2337662337662337,77.0,411,datacenter,3.0,1.0,18.0,E,outlier,1.0,0
1587,31164f2b-fe94-3fab-b013-1dd19eef680d,0.005,0.6,5.0,2,datacenter,5.0,1.0,3.0,E,outlier,1.0,0
1441,0eea3326-8626-3f68-8192-1f156fcdbe26,0.0953103448275862,0.1724137931034483,58.0,332,default,9.0,1.0,10.0,E,outlier,1.0,0
1440,d506a03e-71f7-3759-b0fc-bab869803979,0.0085,0.5,2.0,2,datacenter,2.0,1.0,1.0,E,outlier,1.0,0
1439,1a912077-9b3b-3812-b1e7-81e6a1c5aeae,0.0087083333333333,0.5833333333333334,12.0,7,default,2.0,1.0,7.0,E,outlier,1.0,0
1437,73b00ad6-7a7b-3d06-b57a-a2d77534035a,0.2950714285714285,0.2142857142857142,14.0,248,default,8.0,1.0,3.0,E,outlier,1.0,0
1435,fa9c8e70-1354-3122-aaa7-16aacfc39b91,0.0008457943925233,0.0677570093457943,428.0,22,default,15.0,1.0,29.0,E,outlier,1.0,1
1434,475e0892-c69b-3de3-8453-9ac245fe214c,0.0355454545454545,0.6363636363636364,11.0,24,default,2.0,1.0,7.0,E,outlier,1.0,0
1432,e494b3f1-e2b3-3824-9bb1-44e3539d2c57,0.5653636363636364,0.5454545454545454,22.0,747,default,3.0,1.0,12.0,E,outlier,1.0,0
1431,f766722a-6f15-36ef-8888-b4257525b3e8,2.758485294117647,0.1360294117647058,272.0,45019,default,2.0,1.0,37.0,E,outlier,1.0,0
1430,5b2b5d0e-8741-3c57-be32-b923454ca4f5,2.159348432055749,0.156794425087108,287.0,37184,default,2.0,1.0,45.0,E,outlier,1.0,0
1429,32f47903-02a6-3f62-8c59-311b839eb3c3,0.26725,0.75,8.0,129,default,2.0,1.0,6.0,E,outlier,1.0,0
1428,cf3ebfff-a72b-3958-b863-e85de3693aab,0.21725,0.5,20.0,261,default,3.0,1.0,10.0,E,outlier,1.0,0
1427,65206ba7-558e-39e5-95bc-8d4c030ba1d2,0.9772767653758542,0.1298405466970387,439.0,25742,default,2.0,1.0,57.0,E,outlier,1.0,0
1458,e29392b2-3aec-33ba-ac1f-ff0003d54163,1.1106098901098902,0.1538461538461538,91.0,6064,default,8.0,1.0,14.0,E,outlier,1.0,0
1457,b250921a-a6a1-3ecc-b531-b2f439e01c50,0.00425,0.5,2.0,1,default,2.0,1.0,1.0,E,outlier,1.0,0
1455,8c5a38e3-eb25-3f71-9e7c-3d3c1bf33411,0.0557906976744186,0.2325581395348837,43.0,144,default,7.0,1.0,10.0,E,outlier,1.0,0
1454,24e789db-f96e-3e80-86e4-deba81f3e061,0.0020217391304347,0.5652173913043478,23.0,3,default,8.0,1.0,13.0,E,outlier,1.0,0
1453,44187b60-5745-357f-b7be-4058346e0074,1.056529411764706,0.5294117647058824,17.0,1078,default,2.0,1.0,9.0,E,outlier,1.0,0
1452,e0a3d312-b5ee-37d4-ad47-1b87e46e74e9,0.0053333333333333,0.1236559139784946,186.0,60,default,29.0,1.0,23.0,E,outlier,1.0,1
1451,65ed19b4-0aaf-38f6-81c1-ede40c86e14c,0.00625,1.0,2.0,1,default,2.0,1.0,2.0,E,outlier,1.0,0
1450,02bd980b-54d9-3400-b2fe-03acd3b6c702,0.004,1.0,5.0,2,default,4.0,1.0,5.0,E,outlier,1.0,0
1448,d390c86e-c8ea-33ec-b5c2-be361ec5081c,0.0015555555555555,0.8888888888888888,9.0,1,default,5.0,1.0,8.0,E,outlier,1.0,0
1447,ab1d962f-56aa-32d3-bfd1-d61ecf5154d3,1.0001322033898306,0.2033898305084746,295.0,17703,default,2.0,1.0,60.0,E,outlier,1.0,0
1446,ffa46dee-4173-310d-b671-8cc4bb091b86,0.0065,1.0,2.0,1,default,2.0,1.0,2.0,E,outlier,1.0,0
1444,d80bb4ad-7a55-3f0c-b71e-1c946922a0b4,10.237916666666663,1.0,6.0,3686,default,2.0,1.0,6.0,E,outlier,1.0,1
1443,c66a9fc1-dee5-3996-adad-2b1deec73e05,0.0571470588235294,0.1372549019607843,102.0,350,default,7.0,1.0,14.0,E,outlier,1.0,0
1474,2e1a64ef-9e70-304f-b779-db674d588afb,0.002,1.0,13.0,2,default,9.0,1.0,13.0,E,outlier,1.0,0
1472,cb6f7a3f-fc51-3fc8-b7f7-eafe69f51364,6.728789473684211,0.2736842105263158,95.0,38355,default,2.0,1.0,26.0,E,outlier,1.0,1
1471,a8845f55-0b5b-38c0-8750-ba061accb675,0.0410625,0.5,8.0,20,default,2.0,1.0,4.0,E,outlier,1.0,0
1470,fa7464c1-44b3-3bbc-a02e-a2eb100aae19,0.394,0.5294117647058824,17.0,402,default,5.0,1.0,9.0,E,outlier,1.0,0
1469,7fddc16a-07a3-390c-bcd4-b2154cfe0ad4,0.0013,0.6,10.0,1,default,11.0,1.0,6.0,E,outlier,1.0,0
1468,03ade6d0-44ee-3419-a29b-651b6accb7a0,1.994448275862069,0.3879310344827586,116.0,13882,default,2.0,1.0,45.0,E,outlier,1.0,0
1467,e6228ee3-5bec-3d3b-9528-e4727682d6ff,15.5070658436214,0.1193415637860082,243.0,226094,default,3.0,1.0,29.0,E,outlier,1.0,4
1465,b12e76ce-fd89-389b-bec4-d98c5c6fdb36,0.50525,0.5555555555555556,18.0,546,default,4.0,1.0,10.0,E,outlier,1.0,0
1462,b7b30764-8864-30c5-9824-c6331897dbf9,1.0587142857142855,0.7142857142857143,7.0,445,default,2.0,1.0,5.0,E,outlier,1.0,0
1459,eecc75ef-cb72-3fd6-8347-1d00b315cb50,0.0164583333333333,0.5833333333333334,12.0,12,default,2.0,1.0,7.0,E,outlier,1.0,0
1586,2dc0f91d-d564-3ae3-a727-22d7e636bae3,0.01525,0.375,8.0,8,datacenter,8.0,1.0,3.0,E,outlier,1.0,0
1585,290fe43b-8b93-3049-935e-53589639e529,1.448434599156118,0.2531645569620253,237.0,20597,datacenter,2.0,1.0,60.0,E,outlier,1.0,1
1584,1b1d44d8-98ce-3a8e-b6d2-100250b47ccf,0.0952222222222222,0.238095238095238,63.0,360,datacenter,3.0,1.0,15.0,E,outlier,1.0,0
1583,e6d6e498-76dc-32ee-877b-95e26aa7310e,0.2140793650793651,0.2222222222222222,63.0,810,datacenter,3.0,1.0,14.0,E,outlier,1.0,0
1582,b68f2e3a-3f15-348d-bfd8-508444200b7b,0.1258309859154929,0.2535211267605634,71.0,537,datacenter,3.0,1.0,18.0,E,outlier,1.0,0
1581,80dae98d-f904-308e-a365-9752576811be,0.1101904761904761,0.2222222222222222,63.0,417,datacenter,3.0,1.0,14.0,E,outlier,1.0,0
1579,17045307-0bed-326f-a6f9-2304de0c8172,0.0727741935483871,0.4516129032258064,31.0,136,datacenter,5.0,1.0,14.0,E,outlier,1.0,0
1578,286ab7cc-faa0-380b-8cb2-59c1f34d1c64,0.0241666666666666,0.1666666666666666,12.0,18,datacenter,12.0,1.0,2.0,E,outlier,1.0,1
1577,0450c5d9-93ef-3c82-9d1d-e8123515035c,0.1225873015873015,0.2222222222222222,63.0,464,datacenter,3.0,1.0,14.0,E,outlier,1.0,0
1576,f17894a8-9dc9-31ae-945c-2eb413016654,0.1123333333333333,0.238095238095238,63.0,425,datacenter,3.0,1.0,15.0,E,outlier,1.0,0
1575,c2cb1140-6684-310e-9170-00b26dc4827b,0.0086875,0.2083333333333333,24.0,13,datacenter,24.0,1.0,5.0,E,outlier,1.0,1
1574,9de73ced-b664-3485-bcb0-df7f5089e978,0.00475,0.6666666666666666,6.0,2,datacenter,6.0,1.0,4.0,E,outlier,1.0,0
1573,33a5e0d7-08cc-39a7-80c9-0df652a4972c,0.1329411764705882,0.2352941176470588,85.0,678,datacenter,3.0,1.0,20.0,E,outlier,1.0,0
1572,fefcc98c-5b68-3c2e-87c8-8dfb16e8d782,0.005,0.4285714285714285,7.0,3,datacenter,7.0,1.0,3.0,E,outlier,1.0,0
1490,ad4100b2-918a-3541-9732-4efe566bac97,5.4968515625,0.2109375,128.0,42216,default,2.0,1.0,27.0,E,outlier,1.0,1
1489,a433fdb0-c45b-3530-95e2-eb7239075c10,2.0058467741935484,0.1411290322580645,248.0,29847,default,2.0,1.0,35.0,E,outlier,1.0,0
1488,a2050b43-d400-3220-a372-56b2d5a9749c,0.0117222222222222,0.6666666666666666,9.0,7,default,4.0,1.0,6.0,E,outlier,1.0,0
1487,9779edef-202a-3d7e-9f4f-bcb53a3a9152,9.396714285714284,0.3116883116883117,77.0,43413,default,4.0,1.0,24.0,E,outlier,1.0,1
1486,5a991c87-686d-33d0-b8c4-ae350afc7d86,0.040625,0.75,4.0,10,default,2.0,1.0,3.0,E,outlier,1.0,0
1485,4d1e9552-bb19-348f-a3c6-c1d80c6db00e,0.2442777777777777,0.2222222222222222,18.0,264,default,9.0,1.0,4.0,E,outlier,1.0,0
1484,dadfef34-c7e5-36b4-a0a9-6e70279e02cb,0.061,1.0,2.0,8,default,2.0,1.0,2.0,E,outlier,1.0,0
1483,0912175a-2046-3908-9378-43cbbf40b975,0.452090909090909,0.8181818181818182,11.0,299,default,2.0,1.0,9.0,E,outlier,1.0,0
1482,ea5900db-a853-3a2e-ab8e-88675174c24b,7.760952586206897,0.2586206896551724,116.0,54017,default,2.0,1.0,30.0,E,outlier,1.0,1
1481,e5131b6f-7ff6-3e72-ad66-5f8f4348f05f,0.0017777777777777,0.8888888888888888,9.0,1,default,5.0,1.0,8.0,E,outlier,1.0,0
1480,b95ae0fc-facb-35ca-bcb5-4f9380a8eab6,0.001076923076923,1.0,13.0,1,default,9.0,1.0,13.0,E,outlier,1.0,0
1479,9d8da532-8c0e-3010-97b5-b5681a1a93a8,5.359954545454545,0.5454545454545454,88.0,28301,default,2.0,1.0,48.0,E,outlier,1.0,1
1478,60156b1e-e092-379e-aefe-1e090360dd6b,0.3253026315789473,0.3421052631578947,38.0,742,default,2.0,1.0,13.0,E,outlier,1.0,0
1477,f3e93db3-e1c6-35d9-8d86-33812bbac531,2.0936363636363637,0.2424242424242424,66.0,8291,default,4.0,1.0,16.0,E,outlier,1.0,0
1475,a28ab9db-2063-3ad3-ba7c-e952072fef59,0.0520555555555555,0.2888888888888888,90.0,282,default,19.0,1.0,26.0,E,outlier,1.0,0
1506,f537759c-6756-3004-8b66-cb025c3b0361,0.0683529411764705,0.196078431372549,51.0,210,default,9.0,1.0,10.0,E,outlier,1.0,0
1505,7617d875-4392-3e9f-bd4b-9b86f0fe93b3,1.4162962962962964,0.1962962962962963,270.0,22944,default,2.0,1.0,53.0,E,outlier,1.0,0
1504,109b8af1-7cbe-35cf-bd87-39356c7d93e6,0.006,0.9090909090909092,11.0,4,default,9.0,1.0,10.0,E,outlier,1.0,0
1503,f0d33c3d-dcd8-30f4-b468-e488bace4964,0.01175,1.0,2.0,2,default,2.0,1.0,2.0,E,outlier,1.0,0
1502,61fe9fed-b843-3337-a19d-9e32d32c8243,48.83175,1.0,6.0,17580,default,2.0,1.0,6.0,E,outlier,1.0,2
1501,e8e83825-82d5-3061-babf-c44bc518beca,0.0098,0.6,5.0,3,default,5.0,1.0,3.0,E,outlier,1.0,0
1500,c834a48b-6b3e-3bee-a493-9c74531991f0,0.0258571428571428,0.7857142857142857,14.0,22,default,6.0,1.0,11.0,E,outlier,1.0,0
1499,7fd83042-81e2-3e43-8415-8bfbd9147be7,1.8814102564102564,0.282051282051282,39.0,4403,default,2.0,1.0,11.0,E,outlier,1.0,0
1498,7993d397-0c9d-35ef-a4ff-b25d44569ca4,1.6711923076923076,0.5,52.0,5215,default,4.0,1.0,26.0,E,outlier,1.0,0
1496,de8a9980-10bb-3ec0-905d-d0917943012d,0.4032916666666666,0.8333333333333334,12.0,291,default,4.0,1.0,10.0,E,outlier,1.0,0
1495,79987a7a-c9bf-32e8-b9b0-9dab990d5dc7,0.4746666666666667,1.0,3.0,86,default,2.0,1.0,3.0,E,outlier,1.0,0
1493,77fe7476-f740-3df0-abbe-15bca0b4f1c5,0.0016153846153846,1.0,13.0,2,default,9.0,1.0,13.0,E,outlier,1.0,0
1492,74adc67c-8f61-335f-af81-0e4be8967088,28.289166666666667,0.6666666666666666,6.0,10185,default,2.0,1.0,4.0,E,outlier,1.0,1
1491,e836a3c4-e207-39fe-ba86-5946f267543a,1.734480144404332,0.1046931407942238,277.0,28828,default,2.0,1.0,29.0,E,outlier,1.0,0
1522,42086a8f-3d4b-3c77-a34b-d56fce2a21b5,0.0018666666666666,0.8,15.0,2,default,15.0,1.0,12.0,E,outlier,1.0,0
1521,07e28d10-ea82-3b5a-87e7-bda7fc926c96,0.7225973597359736,0.132013201320132,303.0,13137,default,2.0,1.0,40.0,E,outlier,1.0,0
1520,c62b2646-e1a3-3db6-86c0-cf651dce2a48,0.00575,1.0,2.0,1,default,2.0,1.0,2.0,E,outlier,1.0,0
1518,ef7b04f6-c6af-35f2-98bc-922f8f6417d2,0.001875,1.0,8.0,1,default,6.0,1.0,8.0,E,outlier,1.0,0
1517,b1bae86e-2024-34db-91ad-b8efd9811060,1.1086518987341771,0.2911392405063291,79.0,5256,default,2.0,1.0,23.0,E,outlier,1.0,0
1516,c2365ad9-7f28-39b1-8c30-289bdd07c855,0.01375,1.0,2.0,2,default,2.0,1.0,2.0,E,outlier,1.0,0
1515,c0be45a2-766f-3bdd-92d9-2c37535d7079,8.750117924528302,0.1698113207547169,106.0,55651,default,2.0,1.0,18.0,E,outlier,1.0,1
1514,c0be45a2-766f-3bdd-92d9-2c37535d7079,8.750117924528302,0.1698113207547169,106.0,55651,default,2.0,1.0,18.0,E,outlier,1.0,1
1513,c0be45a2-766f-3bdd-92d9-2c37535d7079,8.750117924528302,0.1698113207547169,106.0,55651,default,2.0,1.0,18.0,E,outlier,1.0,1
1512,c0be45a2-766f-3bdd-92d9-2c37535d7079,8.750117924528302,0.1698113207547169,106.0,55651,default,2.0,1.0,18.0,E,outlier,1.0,1
1511,75019f4b-58d0-3d28-a8b8-b12b8d326bb2,0.3186724137931034,0.4827586206896552,29.0,555,default,6.0,1.0,14.0,E,outlier,1.0,0
1510,4169d06d-dfbe-3e9c-a540-f4bd7040d1fb,0.07075,1.0,2.0,9,default,2.0,1.0,2.0,E,outlier,1.0,0
1507,4dcff5ba-ec22-344e-896e-a6cb480d811b,3.4990290697674418,0.313953488372093,172.0,36110,default,2.0,1.0,54.0,E,outlier,1.0,0
1538,b497f68a-657d-3d72-8b87-3461d13573a4,4.76825,1.0,2.0,573,default,2.0,1.0,2.0,F,outlier,1.0,3
1537,c19d3687-5bc2-32ff-ae08-3518cfec8d74,1.1018076923076925,0.5,26.0,1719,default,3.0,1.0,13.0,F,outlier,1.0,0
1536,3d629208-3b48-348b-a4cc-19e8e3c50497,0.1085,0.7272727272727273,11.0,72,default,2.0,1.0,8.0,F,outlier,1.0,0
1535,f460c601-7b96-3a8b-a8c1-23cbaee13063,0.0016153846153846,1.0,13.0,2,default,9.0,1.0,13.0,E,outlier,1.0,0
1534,c64f3266-d12c-3734-af7f-a27b10d493da,1.3918333333333333,1.0,3.0,251,default,2.0,1.0,3.0,E,outlier,1.0,0
1533,b403faaa-8ee8-380a-ac5a-d3f3082d9b7a,0.00175,1.0,8.0,1,default,6.0,1.0,8.0,E,outlier,1.0,0
1532,6bed6a43-8511-30c8-b660-1cff60423667,84.04507407407408,0.2777777777777778,54.0,272307,default,2.0,1.0,15.0,E,outlier,1.0,4
1531,33ecf309-6bed-3537-a8d1-34d37cfc5a0f,26.973636363636363,0.2045454545454545,44.0,71211,default,2.0,1.0,9.0,E,outlier,1.0,1
1530,bc21c4ca-8fb9-3472-a1b6-2bf4b6e1e3fd,3.6822241379310334,0.4827586206896552,29.0,6408,default,2.0,1.0,14.0,E,outlier,1.0,1
1529,8e51d32d-8791-3f0c-b8c8-fa04fb6c39e1,0.0116,0.4333333333333333,30.0,21,default,13.0,1.0,13.0,E,outlier,1.0,0
1528,81162484-b31d-3042-b1ad-ba52d5f06f95,0.2834,0.2,15.0,256,default,8.0,1.0,3.0,E,outlier,1.0,0
1526,33bdf84f-185c-3b26-a009-a6a2dcffea26,0.0068333333333333,0.5,6.0,3,default,6.0,1.0,3.0,E,outlier,1.0,0
1525,b2f69358-da4d-3ab5-ae74-98edbfdb06f6,0.0076666666666666,0.6666666666666666,3.0,2,default,3.0,1.0,2.0,E,outlier,1.0,0
1523,5d4fbf90-18fc-3151-9765-d762778cff1a,0.06025,1.0,2.0,8,default,2.0,1.0,2.0,E,outlier,1.0,0
1554,2d89d03f-edc5-3c16-9b5c-c182f7493060,9.253941176470589,0.7647058823529411,17.0,9440,default,2.0,1.0,13.0,F,outlier,1.0,2
1553,3b022510-cfd1-3f82-b537-925fe2155b29,4.17793085106383,0.1702127659574468,94.0,23564,default,2.0,1.0,16.0,F,outlier,1.0,1
1552,c03c47cf-df95-3a64-94d4-17d9762947c7,9.141666666666666,1.0,6.0,3291,default,2.0,1.0,6.0,F,outlier,1.0,3
1551,b866f8c7-f281-3b41-bf06-157037429f9f,9.324283783783784,0.4054054054054054,37.0,20700,default,2.0,1.0,15.0,F,outlier,1.0,1
1550,cb33922e-97e1-3de1-8780-dd8318e283a1,2.40195,0.2,10.0,1442,default,10.0,1.0,2.0,F,outlier,1.0,0
1549,023811d9-9cb3-3f3d-9de8-ef1ed1100f21,3.1979210526315787,0.5789473684210527,19.0,3646,default,2.0,1.0,11.0,F,outlier,1.0,0
1548,00f8e644-4699-367c-8005-b0f8e8ab6ab9,3.840117647058824,0.5294117647058824,17.0,3917,default,3.0,1.0,9.0,F,outlier,1.0,1
1546,cb6350fb-48b9-3f3d-b96a-67a9c54ba787,0.011,1.0,2.0,2,default,2.0,1.0,2.0,F,outlier,1.0,1
1545,be056278-d802-3c15-8074-55f1181d354a,10.62225,0.7857142857142857,14.0,8923,default,2.0,1.0,11.0,F,outlier,1.0,2
1544,fcfc4259-1213-34d7-8d85-04e7d5f2e946,11.328421348314606,0.3258426966292135,89.0,60494,default,2.0,1.0,29.0,F,outlier,1.0,3
1543,3dd26153-aa13-3083-b7d4-678a6c663516,5.276555555555555,0.3333333333333333,9.0,2850,default,2.0,1.0,3.0,F,outlier,1.0,1
1542,99a2439c-d025-3401-9d9d-f44e34e03bed,3.487462962962963,0.4814814814814814,27.0,5650,default,2.0,1.0,13.0,F,outlier,1.0,0
1541,8a4449a1-6452-3fe0-9dc7-2fa0d0affa02,0.106,0.75,4.0,26,default,2.0,1.0,3.0,F,outlier,1.0,0
1540,e8ecdc0a-096c-3903-b4bd-c96c76861c31,0.7793809523809524,0.4761904761904761,21.0,983,default,3.0,1.0,10.0,F,outlier,1.0,0
1539,50d9e070-7caf-3002-b7da-a7ce36f9630a,2.4727,0.6666666666666666,15.0,2226,default,2.0,1.0,10.0,F,outlier,1.0,0
1570,b8c1d806-9cce-3f09-968c-3ddb3d4dda50,0.0922676056338028,0.2394366197183098,71.0,394,datacenter,3.0,1.0,17.0,E,outlier,1.0,0
1569,93856471-799b-3d52-8ab7-7bda2b0ddf96,0.0143055555555555,0.2222222222222222,18.0,16,datacenter,18.0,1.0,4.0,E,outlier,1.0,1
1568,2b787a81-c1a9-3d74-b144-139b0129b96d,0.1532539682539682,0.2222222222222222,63.0,580,datacenter,3.0,1.0,14.0,E,outlier,1.0,0
1566,106f3f86-d24a-3e21-95e9-080f81ac3f43,0.0056666666666666,0.3333333333333333,6.0,3,datacenter,6.0,1.0,2.0,E,outlier,1.0,0
1565,bab2608b-d537-3e13-bd6a-459a3b9642ac,0.0038666666666666,0.6,15.0,4,datacenter,4.0,1.0,9.0,E,outlier,1.0,0
1564,5c72a3f4-3e96-38ba-a56f-eeda710f52d8,0.0018571428571428,0.8571428571428571,7.0,1,datacenter,7.0,1.0,6.0,E,outlier,1.0,2
1563,2799e96b-78bb-3107-96a0-f481ea5cf247,0.1762264150943396,0.2641509433962264,53.0,561,datacenter,3.0,1.0,14.0,E,outlier,1.0,0
1562,80da78e4-33e1-36a2-90fe-6f0f2eeb17a8,0.126578125,0.234375,64.0,487,datacenter,3.0,1.0,15.0,E,outlier,1.0,0
1561,d4803ebe-955b-334b-958a-ba85e3250d83,0.0056666666666666,0.6666666666666666,3.0,2,datacenter,3.0,1.0,2.0,E,outlier,1.0,0
1560,b133cd73-7490-32d9-8087-289aac45b6bc,0.1140459770114942,0.2298850574712643,87.0,596,datacenter,3.0,1.0,20.0,E,outlier,1.0,0
1559,efcd556d-5e24-37fd-9e3b-e268c64a8be7,0.1435714285714285,0.2222222222222222,63.0,543,datacenter,3.0,1.0,14.0,E,outlier,1.0,0
1558,d0008d23-a17f-39f0-b804-d260baf377b2,0.0213,0.3,10.0,13,datacenter,10.0,1.0,3.0,E,outlier,1.0,0
1557,60cbddd1-0b71-349d-85c7-b88a5d2f4dd7,0.1242539682539682,0.238095238095238,63.0,470,datacenter,3.0,1.0,15.0,E,outlier,1.0,0
1555,8f8b1e7f-1e9a-3c9c-9ca2-b6b3d5ff63e6,7.797227272727273,0.8181818181818182,11.0,5147,default,2.0,1.0,9.0,F,outlier,1.0,2
1697,468a84b3-2885-30d6-b1a8-6cf2e44577cd,0.754,0.6666666666666666,3.0,136,datacenter,2.0,1.0,2.0,F,outlier,1.0,3
1696,0ecdc692-df55-3990-815e-a30f1ee63f5f,59.243,0.8,5.0,17773,datacenter,3.0,1.0,4.0,F,outlier,1.0,6
1695,44356d09-52e9-321e-9ec1-630e582bfe53,852.92925,0.5,2.0,102352,datacenter,2.0,1.0,1.0,F,outlier,1.0,6
1694,3653d165-4b93-346b-9543-f1d4f5bf4831,45.603433333333335,0.8,15.0,41044,datacenter,2.0,1.0,12.0,F,outlier,1.0,5
1693,d8ac0f74-473a-32c2-b79f-d00d051ddd80,159.78385714285713,0.3571428571428571,14.0,134219,datacenter,2.0,1.0,5.0,F,outlier,1.0,6
1692,f180149f-43b4-3ccd-821d-229016902fc8,1.5643125,0.265625,64.0,6007,datacenter,2.0,1.0,17.0,F,outlier,1.0,3
1691,9f51e315-1a53-3118-8d5d-5c6e45b81dab,0.287,1.0,2.0,35,datacenter,2.0,1.0,2.0,F,outlier,1.0,3
1690,f41ffc10-2fd6-3675-9f9b-2f81959c783b,1.3799230769230768,0.7692307692307693,13.0,1077,datacenter,3.0,1.0,10.0,F,outlier,1.0,3
1688,87305252-f656-3a48-a0ae-9c21fa19b7b6,0.1084935064935064,0.2337662337662337,77.0,502,datacenter,3.0,1.0,18.0,E,outlier,1.0,0
1687,011d7f05-b506-3f17-b134-ccc2d59bc7f3,0.0924675324675324,0.2337662337662337,77.0,428,datacenter,3.0,1.0,18.0,E,outlier,1.0,0
1686,0eed1f87-6600-3b84-8bfe-bafe838a3fd1,0.1037619047619047,0.238095238095238,63.0,393,datacenter,3.0,1.0,15.0,E,outlier,1.0,0
1684,c16090dd-8035-3e0e-8dcd-beccfa87600e,0.1242727272727272,0.2337662337662337,77.0,575,datacenter,3.0,1.0,18.0,E,outlier,1.0,0
1683,af89ce43-4afe-3a40-a5c4-d6d735081721,0.05575,0.3333333333333333,6.0,21,datacenter,6.0,1.0,2.0,E,outlier,1.0,0
1121,496f878b-8444-3715-bd7c-75c19cbfc124,0.0017815884476534,0.0577617328519855,554.0,60,default,27.0,1.0,32.0,E,outlier,1.0,1
1120,496f878b-8444-3715-bd7c-75c19cbfc124,0.0017815884476534,0.0577617328519855,554.0,60,default,27.0,1.0,32.0,E,outlier,1.0,1
1118,425987d0-ba5b-36b0-870e-7fffa2686b1f,0.4584274809160306,0.2366412213740458,131.0,3604,default,3.0,1.0,31.0,E,outlier,1.0,0
1117,5af79905-700b-3aec-96b8-c67a85d6a4ad,0.002,1.0,13.0,2,default,9.0,1.0,13.0,E,outlier,1.0,0
1116,746f8964-7113-31c9-8b5c-13f8e35ae24c,0.004125,0.25,4.0,1,datacenter,4.0,1.0,1.0,E,outlier,1.0,1
1115,d45e80b0-3bb3-30e6-9ab6-5bd39f108bd5,28.316714285714287,0.7857142857142857,14.0,23787,default,2.0,1.0,11.0,E,outlier,1.0,1
1114,b3d73776-5433-30fd-b54a-7ab4361dd8ac,16.28032894736842,0.2543859649122807,114.0,111358,default,2.0,1.0,29.0,E,outlier,1.0,1
1113,bf481bbc-2669-3286-a305-9a5f31725c55,9.598933823529412,0.3529411764705882,68.0,39164,default,2.0,1.0,24.0,E,outlier,1.0,1
1112,62297dd2-c827-34da-a5b8-1d26f5d22d00,0.015,0.6666666666666666,3.0,3,default,2.0,1.0,2.0,E,outlier,1.0,0
1110,498ed15e-045e-32fe-9ab2-b4687743358d,3.509857142857143,0.3857142857142857,70.0,14742,default,2.0,1.0,27.0,E,outlier,1.0,0
1109,aa9c503e-8282-32dd-ab6e-aea6990c5d7f,0.0081111111111111,0.8888888888888888,9.0,5,default,9.0,1.0,8.0,E,outlier,1.0,0
1107,d810485c-dff5-3d7b-a00b-2bb9c9298134,0.001625,0.5,8.0,1,default,9.0,1.0,4.0,E,outlier,1.0,0
1277,c5a38cfd-f959-35d2-aab0-0f2dc9a6b64b,0.0025286956521739,0.048695652173913,575.0,88,default,21.0,1.0,28.0,E,outlier,0.9995,1
1275,c5a38cfd-f959-35d2-aab0-0f2dc9a6b64b,0.0025286956521739,0.048695652173913,575.0,88,default,21.0,1.0,28.0,E,outlier,0.9995,1
1174,0907ba2a-ec0f-338e-9f35-97cb72beadf3,0.003,1.0,3.0,1,default,3.0,1.0,3.0,E,outlier,0.9991666666666665,0
1130,7f88d3d2-77e0-3cb4-9bd0-8bf0bacc2b39,0.0108333333333333,1.0,3.0,2,default,2.0,1.0,3.0,E,outlier,0.9991666666666665,0
1682,a61f8227-c75e-3bb8-af82-c9b31e6979de,0.008,1.0,3.0,2,datacenter,3.0,1.0,3.0,E,outlier,0.9991666666666665,1
1278,5590787b-13ab-3455-bdc6-5190c1e5d0ad,0.0027692307692307,1.0,13.0,3,default,9.0,1.0,13.0,E,outlier,0.9988888888888888,0
1689,66c6e740-0b41-3402-9ee4-b0e181bf9ba3,0.0793333333333333,0.6666666666666666,3.0,15,datacenter,2.0,1.0,2.0,F,outlier,0.99875,3
1442,9edcb9ef-5163-3132-8280-1da585ae426d,0.1161666666666666,0.6666666666666666,3.0,21,default,2.0,1.0,2.0,E,outlier,0.99875,0
1317,63c16919-dc3d-3b37-8338-99b3704959f4,0.076745,0.14,100.0,461,default,16.0,1.0,14.0,E,outlier,0.9985714285714287,0
1301,2a0f18e6-bccb-36f3-9de8-5440d6df0722,0.0644435483870967,0.3225806451612903,62.0,240,default,14.0,1.0,20.0,E,outlier,0.9985714285714287,0
1476,be91a4e7-9e89-3413-9d46-3a5c79e4c337,0.0045833333333333,0.6666666666666666,6.0,2,default,4.0,1.0,4.0,E,outlier,0.9985714285714287,0
1497,11510cdd-de04-341b-ad3d-78e4b4508a40,5.33315,0.85,20.0,6400,default,2.0,1.0,17.0,E,outlier,0.9985714285714287,1
1131,71fe7353-9b3e-3acf-8cc4-0684ccf00ae3,0.8426556886227545,0.1257485029940119,334.0,16887,default,2.0,1.0,42.0,E,outlier,0.9985714285714287,0
1172,d6d87b81-8d34-3f5b-b69d-9d36e03ec877,0.8496745843230403,0.1045130641330166,421.0,21463,default,2.0,1.0,44.0,E,outlier,0.9985714285714287,0
1588,7cb64efc-50b3-30c0-b8c6-1801bd130271,0.0265341614906832,0.0786749482401656,483.0,769,datacenter,3.0,1.0,38.0,E,outlier,0.9985714285714287,2
1261,47af5090-cdf0-33e2-8225-cc2627919a70,0.0346407766990291,0.0679611650485436,206.0,429,default,29.0,1.0,14.0,E,outlier,0.9983333333333334,1
1340,21a65245-ebc0-366a-9fb2-ba752365eccb,0.0008611111111111,0.6111111111111112,18.0,1,default,18.0,1.0,11.0,E,outlier,0.9983333333333333,0
1571,e595b614-460f-331b-a021-eb5ed5a72504,0.0561818181818181,0.1363636363636363,22.0,75,datacenter,22.0,1.0,3.0,E,outlier,0.9983333333333333,0
1258,5173d95b-f4ea-3a1a-8799-9cc1d16de73c,0.0009473684210526,0.5263157894736842,19.0,2,default,5.0,1.0,10.0,E,outlier,0.9983333333333333,0
1392,ba0b9e91-7b40-3bca-aa3f-20c6fa21a5f3,0.0010208333333333,0.5416666666666666,24.0,2,default,8.0,1.0,13.0,E,outlier,0.9983333333333333,0
1461,5b8a0ccb-d4dc-3bc5-aeec-b3bf4a84aff3,0.6635,1.0,3.0,120,default,2.0,1.0,3.0,E,outlier,0.9979166666666666,0
1386,41e3b34b-b644-31ff-af90-c3b16d3f3eae,0.0015454545454545,0.7272727272727273,11.0,2,default,11.0,1.0,8.0,E,outlier,0.9975,0
1257,2fb13b03-9850-3a2b-9b96-622c836c3a37,1.5245,0.2160194174757281,412.0,37686,default,2.0,1.0,89.0,E,outlier,0.9973214285714286,0
1508,7f3454a1-effb-305a-85ba-559916ec35d4,0.0013076923076923,1.0,13.0,2,default,9.0,1.0,13.0,E,outlier,0.9971428571428572,0
1297,10e60b4b-e503-303c-8d34-1dee8512ddb6,0.0013,0.4,5.0,1,default,4.0,1.0,2.0,E,outlier,0.9971428571428572,0
1456,8ce3b6c9-fb48-38cf-b5f5-320e34d62f81,0.0219795918367346,0.1683673469387755,196.0,259,default,22.0,1.0,33.0,E,outlier,0.9971428571428571,1
1315,2dbdd6cc-92b1-3ef1-b345-5f2867f9cf96,1.4016814814814815,0.362962962962963,135.0,11354,default,2.0,1.0,49.0,E,outlier,0.997,0
1325,6f217ee9-b57b-38f0-976c-1deb9f09fc75,0.4655384615384615,0.2352941176470588,221.0,6174,default,2.0,1.0,52.0,E,outlier,0.997,0
1449,e207ff56-2cd5-35cc-8e5e-055bfb003dcd,0.0330990099009901,0.1237623762376237,202.0,402,default,3.0,1.0,25.0,E,outlier,0.997,1
1595,fd5b6413-f27d-3cda-a784-647c930723ad,0.041125,0.75,4.0,10,datacenter,4.0,1.0,3.0,E,outlier,0.997,1
1180,cd3d69ae-925a-3f8f-91a9-83df29365600,0.0034056094929881,0.0463861920172599,927.0,190,default,35.0,1.0,43.0,E,outlier,0.9969047619047618,2
1157,51bd610f-3a18-30ba-aed1-6a203c8451f2,0.0008666666666666,0.5333333333333333,15.0,1,default,4.0,1.0,8.0,E,outlier,0.9969047619047618,0
1191,a55d658d-efce-3eb1-b15a-f080feef524d,0.1948192771084337,0.1204819277108433,83.0,971,default,11.0,1.0,10.0,E,outlier,0.9969047619047618,0
1527,63b36c2b-4317-31ed-ab08-d20453e9bdd0,0.03565,1.0,10.0,22,default,2.0,1.0,10.0,E,outlier,0.9966666666666667,0
1634,e3197062-ea39-3469-a47b-4129b144ce33,0.043,0.75,4.0,11,datacenter,4.0,1.0,3.0,E,outlier,0.9966666666666667,1
1358,64e6a921-b566-3ac7-91ac-0aa32dff0ec3,0.037625,0.5833333333333334,12.0,28,default,2.0,1.0,7.0,E,outlier,0.9966666666666667,0
1373,16e0f46b-d2da-3004-bcdb-cb4e3185c2c9,0.00164,0.1466666666666666,150.0,15,default,68.0,1.0,22.0,E,outlier,0.9966666666666666,1
1445,afc7f80c-15f4-3a70-b678-ff8f652231c1,0.0008372093023255,0.2325581395348837,43.0,3,default,21.0,1.0,10.0,E,outlier,0.9965714285714286,1
1343,529082f0-228e-3941-a43e-4c7421894f1d,0.0058819095477386,0.0519262981574539,597.0,211,default,38.0,1.0,31.0,E,outlier,0.9964047619047619,1
1380,b32abac3-948f-3b85-8813-fd4d48611bc2,0.0249826989619377,0.1003460207612456,289.0,434,default,16.0,1.0,29.0,E,outlier,0.9961538461538462,1
1276,c5a38cfd-f959-35d2-aab0-0f2dc9a6b64b,0.0025286956521739,0.048695652173913,575.0,88,default,21.0,1.0,28.0,E,outlier,0.9958333333333335,1
1106,c621e2a2-ce1a-3642-b6f5-2777d7c07c21,0.0027878787878787,0.0488215488215488,594.0,100,default,21.0,1.0,29.0,E,outlier,0.9956666666666668,1
1409,b517dece-dfcd-3fa6-b118-81a63ae3f29d,0.6660741324921136,0.2145110410094637,317.0,12669,default,2.0,1.0,68.0,E,outlier,0.9956060606060605,0
1464,6f3fb6be-8bb1-3b13-b016-d2cec4ea73b8,0.0009230769230769,0.4615384615384615,13.0,1,default,3.0,1.0,6.0,E,outlier,0.9954761904761905,0
1463,40512ecd-3f8b-37b5-9845-8bcf20f49f35,1.3499385342789598,0.1773049645390071,423.0,34262,default,2.0,1.0,75.0,E,outlier,0.995,0
1122,496f878b-8444-3715-bd7c-75c19cbfc124,0.0017815884476534,0.0577617328519855,554.0,60,default,27.0,1.0,32.0,E,outlier,0.995,1
1318,add84c84-0918-322e-8ef5-811cb27b0b72,2.3419475190839694,0.1106870229007633,524.0,73631,default,2.0,1.0,58.0,E,outlier,0.9942857142857143,0
1135,5342b272-75c6-3efc-bd43-836131fb7602,0.0008846153846153,0.6923076923076923,26.0,2,default,11.0,1.0,18.0,E,outlier,0.9942857142857143,0
1433,0cc164c1-a49f-3819-bb0a-711864a532ba,0.0073804347826086,0.3695652173913043,46.0,21,default,20.0,1.0,17.0,E,outlier,0.9942857142857143,0
1412,e0dfdce0-8a86-365f-81ab-599dca608cbe,0.0009090909090909,0.6363636363636364,11.0,1,default,3.0,1.0,7.0,E,outlier,0.9940476190476191,0
1605,6f075ac0-de84-37ca-a67a-03be893ef601,0.007453125,0.125,32.0,15,datacenter,32.0,1.0,4.0,E,outlier,0.994031746031746,1
1119,496f878b-8444-3715-bd7c-75c19cbfc124,0.0017815884476534,0.0577617328519855,554.0,60,default,27.0,1.0,32.0,E,outlier,0.9939316239316238,1
1350,5b9e8f49-7c3b-3056-a63e-76381485fa03,2.625864988558352,0.1121281464530892,437.0,68851,default,2.0,1.0,49.0,E,outlier,0.9936842105263157,0
1123,4cd463e6-008d-3292-a074-abbb65f81aab,1.1446502242152468,0.116591928251121,446.0,30631,default,2.0,1.0,52.0,E,outlier,0.9936842105263157,0
1262,5d4a5539-c532-3bac-84b2-36b0f1c7f2f8,0.025451923076923,0.2307692307692307,52.0,80,default,4.0,1.0,12.0,E,outlier,0.9933333333333333,0
1310,61abe338-32b3-3b4f-8fff-06644e77212b,0.0334166666666666,0.2083333333333333,48.0,97,default,10.0,1.0,10.0,E,outlier,0.9933333333333333,0
1519,fd0508b6-8b60-3a55-8dfe-597287671806,0.0109593495934959,0.1869918699186991,123.0,81,default,39.0,1.0,23.0,E,outlier,0.9929206349206349,1
1283,a56fd266-8a26-3ddf-9709-915dfb33884d,19.12683333333333,0.6666666666666666,3.0,3443,default,2.0,1.0,2.0,E,outlier,0.9928571428571429,1
1289,9b7f8560-6efb-3412-95b0-d8bc214f430a,0.798755376344086,0.0793010752688172,744.0,35657,default,2.0,1.0,59.0,E,outlier,0.9925,0
1189,4eb11b59-214f-398e-adde-eaf4017377c2,0.020774193548387,0.2258064516129032,155.0,194,default,31.0,1.0,35.0,E,outlier,0.9922857142857143,1
1296,311d394e-446f-3ac9-8ddc-98575ad22b13,0.0318720930232558,0.3023255813953488,86.0,165,default,19.0,1.0,26.0,E,outlier,0.9920238095238096,0
1685,1626b963-f6af-37bc-8077-436a1720a977,0.0581904761904761,0.0952380952380952,21.0,74,datacenter,21.0,1.0,2.0,E,outlier,0.9916666666666666,0
1632,92adcd56-81d1-362b-a8c0-bc80167c8477,0.0761428571428571,0.0952380952380952,21.0,96,datacenter,21.0,1.0,2.0,E,outlier,0.9916666666666666,0
1509,fd485890-e901-3447-a282-151c2bcc3b7c,0.0284857142857142,0.3428571428571428,35.0,60,default,5.0,1.0,12.0,E,outlier,0.9909126984126985,0
1384,91601fc0-bbb9-3053-afc4-822f90f48b54,0.0199705882352941,0.3823529411764705,34.0,41,default,5.0,1.0,13.0,E,outlier,0.9909126984126985,0
1211,44d3c490-833f-3227-852e-6902a7c223ff,0.0006034019695613,0.0331244404655326,1117.0,41,default,82.0,1.0,37.0,E,outlier,0.9903928571428571,2
1473,0331e900-3071-3cb2-840b-1483174c741c,0.0532727272727272,0.101010101010101,99.0,317,default,14.0,1.0,10.0,E,outlier,0.99,0
1164,1304d428-99b6-301c-9f18-59139d83c4a2,0.0009746666666666,0.0906666666666666,375.0,22,default,34.0,1.0,34.0,E,outlier,0.99,1
1312,91f1406e-4d69-36de-a5e1-fb72d7e5e098,0.013,0.7368421052631579,19.0,15,default,4.0,1.0,14.0,E,outlier,0.99,0
1381,26b9315d-cbde-32be-b824-4fe1e45cc916,0.0137219512195121,0.1756097560975609,205.0,169,default,33.0,1.0,36.0,E,outlier,0.99,1
1460,18a3e430-b6bb-3f33-aa6f-ce064f39af20,0.7863671399594321,0.1602434077079107,493.0,23261,default,2.0,1.0,79.0,E,outlier,0.98875,0
1233,2b0f40be-ab62-3ef1-b5c8-fdc72f9d1458,10.25305,0.2666666666666666,270.0,166100,default,2.0,1.0,72.0,E,outlier,0.98875,3
1494,7903be9c-c393-3fce-b027-3395dddecf57,30.854923780487805,0.0396341463414634,656.0,1214450,default,5.0,1.0,26.0,E,outlier,0.9884999999999999,4
1144,e541b697-27ce-3a29-b437-91b80df1c0f4,0.0072118644067796,0.2796610169491525,118.0,52,default,45.0,1.0,33.0,E,outlier,0.9883333333333333,1
1308,045bf362-7a59-3dbd-a548-4ee5f79bc579,0.3788506493506493,0.0714285714285714,770.0,17503,default,2.0,1.0,55.0,E,outlier,0.9880833333333332,1
1295,e2deb757-d361-3462-8b72-b212b6210b51,0.0006571428571428,0.3714285714285714,35.0,2,default,35.0,1.0,13.0,E,outlier,0.9867535014005603,0
1108,1c4fa7e6-4e24-318c-9f7c-a20302ac1ca6,0.0006666666666666,0.5555555555555556,18.0,1,default,3.0,1.0,10.0,E,outlier,0.986461038961039,0
1436,c3a17ea6-fc65-3d78-a04f-31927855d91a,0.0072029850746268,0.1014925373134328,335.0,145,default,44.0,1.0,34.0,E,outlier,0.9859355921855922,1
1365,827b8eff-9ca2-3f56-8269-eff6ae25c42f,0.309114006514658,0.1498371335504886,614.0,11388,datacenter,3.0,1.0,92.0,E,outlier,0.9852193786605551,4
1229,f56f9d87-e1d9-387c-b4c3-862f46bd4be0,2.731596551724138,0.296551724137931,290.0,47530,default,2.0,1.0,86.0,E,outlier,0.9852193786605551,0
1628,c7dc94d7-d863-35f7-8e2a-287a98e91a06,0.0918270762229806,0.0318543799772468,879.0,4843,datacenter,3.0,1.0,28.0,E,outlier,0.9851785714285713,2
1580,0f80dcc1-cf6e-36fc-873d-3ce4c4d51a62,0.101184331797235,0.032258064516129,868.0,5270,datacenter,3.0,1.0,28.0,E,outlier,0.9851785714285713,2
1307,ebc65591-2eea-3d5c-9562-05795c3acbc2,0.5916531476997579,0.0423728813559322,826.0,29323,default,22.0,1.0,35.0,E,outlier,0.984521645021645,1
1593,21add035-0d67-3f12-bbd1-e53fe7dea671,0.00078125,0.21875,32.0,2,datacenter,12.0,1.0,7.0,E,outlier,0.9830392156862744,1
1186,87f42bfa-8af6-320e-a1d7-4a6b675dab46,0.3979231927710843,0.0813253012048192,664.0,15854,default,2.0,1.0,54.0,E,outlier,0.9819722222222221,1
1111,aec134bd-6a67-35b6-895b-bb70c8c6c82d,0.00062,0.34,50.0,2,default,20.0,1.0,17.0,E,outlier,0.981968253968254,0
1128,6bb33ab0-e7a5-3f8d-8c71-8dadb74330f2,0.9922392909896602,0.1772525849335302,677.0,40305,default,3.0,1.0,120.0,E,outlier,0.981547619047619,0
1150,f1b1947f-67bb-3ed6-9ec2-8c16d879d673,0.04196,0.24,100.0,252,default,31.0,1.0,24.0,E,outlier,0.9803333333333333,0
1426,e07648b1-53d0-35d2-b8d4-3f15c288a1f6,0.2781590013140604,0.1353482260183968,761.0,12701,default,2.0,1.0,103.0,E,outlier,0.9787012987012986,1
1303,647b4a52-5eb5-3cd5-aa45-6a3123c29913,0.0017966171617161,0.0297029702970297,1212.0,131,default,46.0,1.0,36.0,E,outlier,0.9727443389943392,2
1235,765d954e-cfec-3fd3-b3f6-b8c4d3e4a93f,0.0013658340048348,0.0265914585012087,1241.0,102,default,64.0,1.0,33.0,E,outlier,0.9727443389943392,2
1466,64409461-3cd5-3f21-bd80-8c4a029c6f38,0.0011412985630654,0.0250133049494411,1879.0,129,default,67.0,1.0,47.0,E,outlier,0.9714166666666668,2
1319,fbb60639-b734-3272-93d6-698ecee8b846,0.8916562162162162,0.094054054054054,925.0,49487,default,2.0,1.0,87.0,E,outlier,0.9699484126984126,1
1292,71f7d8a9-9f50-35b3-84c7-839780fea2d7,29.826886243386245,0.0383597883597883,756.0,1352948,default,6.0,1.0,29.0,E,outlier,0.968154761904762,4
1241,ae1ad556-3411-335f-b69d-d78b927e21be,0.0003043478260869,0.0869565217391304,23.0,1,default,11.0,1.0,2.0,E,outlier,0.9637664884135472,1
1646,cb0585dc-cc11-3d19-81c5-d3a479a91350,0.1190148741418764,0.0320366132723112,874.0,6242,datacenter,3.0,1.0,28.0,E,outlier,0.9626190476190476,2
1298,14c54b9b-cf38-35d9-9333-9007d4e19b09,0.0004814814814814,0.5925925925925926,27.0,1,default,27.0,1.0,16.0,E,outlier,0.9576547619047617,0
1162,50654bfa-f55f-3c4f-acd3-7c9414e3c010,0.0003581780538302,0.046583850931677,966.0,21,default,145.0,1.0,45.0,E,outlier,0.9563737373737373,2
1438,b37c67d3-e317-3c37-824b-a47849bc97bd,2.2128500948766603,0.0256166982922201,1054.0,139941,default,19.0,1.0,27.0,E,outlier,0.9555238095238096,2
1547,8a093e94-ed29-3cc8-a282-525ca1c279e2,0.00025,0.5,2.0,1,default,2.0,1.0,1.0,F,outlier,0.9536547619047617,0
1524,95f59845-64ea-3c57-a40a-e222167b0ade,0.0014321462945139,0.0192492781520692,2078.0,179,default,87.0,1.0,40.0,E,outlier,0.9475833333333332,2
1126,a606cd30-bc02-321a-b3bf-0ade690eb641,0.0157585227272727,0.0568181818181818,176.0,167,default,22.0,1.0,10.0,E,outlier,0.9376785714285714,1
1268,ccbe79ba-b15f-36bf-9050-ce85fa470c17,0.0060096153846153,0.0769230769230769,52.0,19,default,54.0,1.0,4.0,E,outlier,0.935674603174603,1
1124,68829629-2bd8-3b12-84de-162e3cd6961e,0.0001927781013395,0.0262085032032615,1717.0,20,default,105.0,1.0,45.0,E,outlier,0.9213870281765019,2
1626,e3af9271-2a84-3ca7-80eb-f426b97f23f7,0.0053905508072174,0.0384615384615384,2106.0,682,datacenter,154.0,1.0,81.0,E,outlier,0.9213044733044733,3
1619,60a25ad0-add8-3976-bc51-a7ff6779d5dc,,,0.0,3,datacenter,2.0,1.0,0.0,E,outlier,0.9176994949494949,1
1666,d735b3d8-2d08-3d97-94f0-6712201696c1,0.003342287694974,0.0363951473136915,2308.0,463,datacenter,170.0,1.0,84.0,E,outlier,0.9172481962481963,3
1596,6267c784-baa1-3a82-aeb5-bf74ee70e979,0.0033930514859773,0.0351611552951025,2389.0,487,datacenter,183.0,1.0,84.0,E,outlier,0.9172481962481963,3
1411,7a533d33-312c-3de4-8c45-04ed1d72ee53,0.0002202937249666,0.02803738317757,1498.0,20,default,102.0,1.0,42.0,E,outlier,0.8854737484737483,2
1567,bedfd600-80ef-3e95-8667-fa0d9a905d72,,,0.0,3,datacenter,4.0,1.0,0.0,E,outlier,0.8830793650793651,1
1556,8e8b99bb-7b6d-3437-9abc-1d884fe023d0,,,0.0,3,datacenter,2.0,1.0,0.0,E,outlier,0.8830793650793651,1
1647,70b6a9dd-e4c6-36a0-908d-2311c277b5e8,,,0.0,3,datacenter,4.0,1.0,0.0,E,outlier,0.8830793650793651,1
1244,2db89946-8e5c-3a37-802b-63e0f9d80fb1,0.0003151680290644,0.0136239782016348,3303.0,63,default,106.0,1.0,45.0,E,outlier,0.8827420634920634,2
1633,83d6afd0-ea25-33e8-8cb3-7ec8ce294039,0.0037791912766924,0.0381644706951385,2201.0,500,datacenter,167.0,1.0,84.0,E,outlier,0.8740564713064713,3
1602,0274e020-cf32-34dc-9bd9-521dca48e532,0.0033227659574468,0.0357446808510638,2350.0,469,datacenter,176.0,1.0,84.0,E,outlier,0.8682936507936507,3
1169,d1418885-602e-37b3-ab8a-0c7d43166d1e,0.0001991421568627,0.0269607843137254,1632.0,20,default,153.0,1.0,44.0,E,outlier,0.864792082917083,2
1139,11e65ac0-c46c-36f1-ad28-0fc3d9d31baa,0.0009753086419753,0.1234567901234567,162.0,10,default,172.0,1.0,20.0,E,outlier,0.8212261904761905,1
1424,3fe80bde-95c1-3f11-a834-c4e53b407349,3.076923076923077e-05,0.378021978021978,455.0,1,default,350.0,1.0,172.0,E,outlier,0.7806904761904759,2
