age,workclass,fnlwgt,education,education.num,marital.status,occupation,relationship,race,sex,capital.gain,capital.loss,hours.per.week,native.country,score_ecod,anomaly_vote_count
75,?,260543,10th,6,Widowed,?,Other-relative,Asian-Pac-Islander,Female,0,0,1,China,1.0,5
75,Private,71898,Preschool,1,Never-married,Priv-house-serv,Not-in-family,Asian-Pac-Islander,Female,0,0,48,Philippines,0.9766379161819243,6
69,Private,113035,1st-4th,2,Widowed,Priv-house-serv,Not-in-family,Black,Female,0,0,4,United-States,0.9165652699846796,5
32,Private,112137,Preschool,1,Married-civ-spouse,Machine-op-inspct,Wife,Asian-Pac-Islander,Female,4508,0,40,Cambodia,0.9152588983829499,5
66,Private,236879,Preschool,1,Widowed,Priv-house-serv,Other-relative,White,Female,0,0,40,Guatemala,0.9141882332696802,2
81,Private,114670,9th,5,Widowed,Priv-house-serv,Not-in-family,Black,Female,2062,0,5,United-States,0.9125588708819057,5
74,State-gov,88638,Doctorate,16,Never-married,Prof-specialty,Other-relative,White,Female,0,3683,20,United-States,0.8972611431404522,4
71,Private,99894,5th-6th,3,Widowed,Priv-house-serv,Not-in-family,Asian-Pac-Islander,Female,0,0,75,United-States,0.8807516789309018,5
63,Private,440607,Preschool,1,Married-civ-spouse,Prof-specialty,Husband,Other,Male,0,0,30,Mexico,0.8807437981607518,5
38,Federal-gov,37683,Prof-school,15,Never-married,Prof-specialty,Not-in-family,Asian-Pac-Islander,Female,99999,0,57,Canada,0.8630459683589058,4
53,Private,224894,5th-6th,3,Married-civ-spouse,Priv-house-serv,Wife,Black,Female,0,0,10,Haiti,0.8598336203951256,6
74,Private,145463,1st-4th,2,Widowed,Priv-house-serv,Not-in-family,Black,Female,0,0,15,United-States,0.858433025492821,5
81,Self-emp-not-inc,123959,Bachelors,13,Widowed,Prof-specialty,Not-in-family,White,Female,0,1668,3,Hungary,0.8526615914364102,3
43,Private,143582,5th-6th,3,Married-civ-spouse,Machine-op-inspct,Wife,Asian-Pac-Islander,Female,0,2129,72,?,0.8460857387781497,6
46,Private,139514,Preschool,1,Married-civ-spouse,Machine-op-inspct,Other-relative,Black,Male,0,0,75,Dominican-Republic,0.8407126463871488,5
63,Self-emp-not-inc,795830,1st-4th,2,Widowed,Other-service,Unmarried,White,Female,0,0,30,El-Salvador,0.8406108202095306,5
42,Self-emp-inc,23510,Masters,14,Divorced,Exec-managerial,Unmarried,Asian-Pac-Islander,Male,0,2201,60,India,0.8382057098198121,4
28,Private,95566,1st-4th,2,Married-spouse-absent,Other-service,Own-child,Other,Female,0,0,35,Dominican-Republic,0.8364131853641645,5
24,Private,52028,1st-4th,2,Married-civ-spouse,Other-service,Own-child,Asian-Pac-Islander,Female,0,0,5,Vietnam,0.8340434663240162,6
71,Private,235079,Preschool,1,Widowed,Craft-repair,Unmarried,Black,Male,0,0,10,United-States,0.8338808979944714,3
63,Private,106910,5th-6th,3,Widowed,Other-service,Other-relative,Asian-Pac-Islander,Female,0,0,19,Philippines,0.8336894070939049,5
57,Self-emp-not-inc,118806,1st-4th,2,Widowed,Craft-repair,Other-relative,White,Female,0,1602,45,Columbia,0.828805223761957,3
36,Private,301227,5th-6th,3,Separated,Priv-house-serv,Unmarried,Other,Female,0,0,35,Mexico,0.8272303675048167,5
19,?,20469,HS-grad,9,Never-married,?,Other-relative,Asian-Pac-Islander,Female,0,0,12,South,0.8261609922276041,5
51,Self-emp-not-inc,120781,Prof-school,15,Married-civ-spouse,Prof-specialty,Husband,Other,Male,99999,0,70,India,0.8248349731597466,5
61,Private,98350,Preschool,1,Married-spouse-absent,Other-service,Not-in-family,Asian-Pac-Islander,Male,0,0,40,China,0.8212413448337248,4
27,Private,211032,Preschool,1,Married-civ-spouse,Farming-fishing,Other-relative,White,Male,41310,0,24,Mexico,0.8181787943565282,4
77,Private,344425,9th,5,Married-civ-spouse,Priv-house-serv,Wife,Black,Female,0,0,10,United-States,0.8005163575993053,5
33,Private,348618,5th-6th,3,Married-spouse-absent,Transport-moving,Unmarried,Other,Male,0,0,20,El-Salvador,0.7993724492742593,5
80,Local-gov,20101,HS-grad,9,Widowed,Other-service,Unmarried,Amer-Indian-Eskimo,Female,0,0,32,United-States,0.7924430785039571,4
46,Private,308334,1st-4th,2,Widowed,Other-service,Unmarried,Other,Female,0,0,30,Mexico,0.7916317839228564,5
37,Private,405644,1st-4th,2,Married-spouse-absent,Farming-fishing,Other-relative,White,Male,0,0,77,Mexico,0.7909583783126353,2
23,Private,240049,Preschool,1,Never-married,Other-service,Not-in-family,Asian-Pac-Islander,Female,0,0,40,Laos,0.7885419662505562,3
18,Private,20057,7th-8th,4,Never-married,Other-service,Other-relative,Asian-Pac-Islander,Female,0,0,40,Philippines,0.787962415217204,5
65,Without-pay,27012,7th-8th,4,Widowed,Farming-fishing,Unmarried,White,Female,0,0,50,United-States,0.7859307678448526,2
51,Federal-gov,223206,Doctorate,16,Married-civ-spouse,Prof-specialty,Husband,Asian-Pac-Islander,Male,15024,0,40,Vietnam,0.7803096705792019,3
36,Private,208068,Preschool,1,Divorced,Other-service,Not-in-family,Other,Male,0,0,72,Mexico,0.7796115731471642,4
63,Federal-gov,39181,Doctorate,16,Divorced,Exec-managerial,Not-in-family,White,Female,0,2559,60,United-States,0.7794397891158416,4
40,Private,320451,Doctorate,16,Married-civ-spouse,Prof-specialty,Husband,Asian-Pac-Islander,Male,0,1977,45,Hong,0.7744679172358075,3
66,Local-gov,174486,Doctorate,16,Married-civ-spouse,Prof-specialty,Husband,Black,Male,20051,0,35,Jamaica,0.7726343311435406,4
47,Private,345493,Prof-school,15,Married-civ-spouse,Prof-specialty,Husband,Asian-Pac-Islander,Male,99999,0,55,Taiwan,0.7720732071959011,4
43,Federal-gov,156996,Prof-school,15,Married-civ-spouse,Prof-specialty,Husband,Asian-Pac-Islander,Male,0,2415,55,?,0.7712275094729526,3
26,Private,39014,12th,8,Married-civ-spouse,Priv-house-serv,Wife,Other,Female,0,0,40,Dominican-Republic,0.7661533219869892,6
45,Private,172274,Doctorate,16,Divorced,Prof-specialty,Unmarried,Black,Female,0,3004,35,United-States,0.7623243981516714,4
46,Private,213611,7th-8th,4,Married-spouse-absent,Priv-house-serv,Unmarried,White,Female,0,1594,24,Guatemala,0.7576113510208109,3
52,Self-emp-inc,181855,Prof-school,15,Married-civ-spouse,Prof-specialty,Husband,Other,Male,99999,0,65,United-States,0.7564144646083473,3
90,?,166343,1st-4th,2,Widowed,?,Not-in-family,Black,Female,0,0,40,United-States,0.7556843557672208,4
20,?,114746,11th,7,Married-spouse-absent,?,Own-child,Asian-Pac-Islander,Female,0,1762,40,South,0.7545591311071482,5
17,?,659273,11th,7,Never-married,?,Own-child,Black,Female,0,0,40,Trinadad&Tobago,0.7544087695839694,4
39,?,362685,Preschool,1,Widowed,?,Not-in-family,White,Female,0,0,20,El-Salvador,0.7539968382785358,2
58,?,97969,1st-4th,2,Married-spouse-absent,?,Unmarried,Amer-Indian-Eskimo,Male,0,0,40,United-States,0.7539876138315,4
67,Private,172756,1st-4th,2,Widowed,Machine-op-inspct,Not-in-family,White,Female,2062,0,34,Ecuador,0.7509676445189677,2
47,Private,51835,Prof-school,15,Married-civ-spouse,Prof-specialty,Wife,White,Female,0,1902,60,Honduras,0.7508941880922042,2
60,Private,399387,7th-8th,4,Separated,Priv-house-serv,Unmarried,Black,Female,0,0,15,United-States,0.7488172887253273,5
46,Local-gov,14878,Prof-school,15,Married-civ-spouse,Prof-specialty,Husband,Asian-Pac-Islander,Male,0,0,40,Philippines,0.7486822178829657,2
26,Self-emp-inc,66872,12th,8,Married-civ-spouse,Sales,Husband,Other,Male,0,0,98,Dominican-Republic,0.748663288057553,5
24,Private,281356,1st-4th,2,Never-married,Farming-fishing,Not-in-family,Other,Male,0,0,66,Mexico,0.7484914215766361,4
54,Private,217718,5th-6th,3,Married-spouse-absent,Other-service,Unmarried,Black,Female,0,0,30,Haiti,0.747584394197812,3
69,?,248248,1st-4th,2,Married-civ-spouse,?,Husband,Asian-Pac-Islander,Male,0,0,34,Philippines,0.7445731168631238,3
71,Self-emp-not-inc,494223,Some-college,10,Separated,Sales,Unmarried,Black,Male,0,1816,2,United-States,0.7427054945993605,6
33,Private,373662,1st-4th,2,Married-spouse-absent,Priv-house-serv,Not-in-family,White,Female,0,0,40,Guatemala,0.7421035457027174,2
52,?,248113,Preschool,1,Married-spouse-absent,?,Other-relative,White,Male,0,0,40,Mexico,0.7421029818025149,2
57,Self-emp-inc,123053,Prof-school,15,Married-civ-spouse,Prof-specialty,Husband,Asian-Pac-Islander,Male,15024,0,50,India,0.7410306200317869,3
43,Federal-gov,19914,Some-college,10,Widowed,Exec-managerial,Unmarried,Amer-Indian-Eskimo,Female,0,0,15,United-States,0.7400930254976452,3
24,State-gov,123160,Masters,14,Married-spouse-absent,Prof-specialty,Not-in-family,Asian-Pac-Islander,Female,0,0,10,China,0.7397780606923094,5
28,Private,27956,Prof-school,15,Married-civ-spouse,Prof-specialty,Husband,Asian-Pac-Islander,Male,0,0,99,Philippines,0.7387507681879506,2
75,Private,191446,1st-4th,2,Married-civ-spouse,Other-service,Other-relative,Black,Female,0,0,16,United-States,0.7383741414480092,2
57,Private,190942,1st-4th,2,Widowed,Priv-house-serv,Not-in-family,Black,Female,0,0,30,United-States,0.7380816311624117,3
56,State-gov,54260,Doctorate,16,Married-civ-spouse,Prof-specialty,Not-in-family,Asian-Pac-Islander,Male,2885,0,40,China,0.7362455794396612,3
39,Private,198654,Prof-school,15,Married-civ-spouse,Prof-specialty,Husband,Asian-Pac-Islander,Male,0,2415,67,India,0.731441604376591,3
60,?,24215,10th,6,Divorced,?,Not-in-family,Amer-Indian-Eskimo,Female,0,0,10,United-States,0.7308573459273009,4
32,Private,27882,Some-college,10,Never-married,Machine-op-inspct,Other-relative,White,Female,0,2205,40,Holand-Netherlands,0.7303977280449481,2
54,Private,349340,Preschool,1,Married-civ-spouse,Craft-repair,Husband,Asian-Pac-Islander,Male,0,0,40,India,0.7297158775711676,3
22,?,291547,5th-6th,3,Married-civ-spouse,?,Wife,Other,Female,0,0,40,Mexico,0.7282383659564753,5
29,Self-emp-not-inc,341672,HS-grad,9,Married-spouse-absent,Transport-moving,Other-relative,Asian-Pac-Islander,Male,0,1564,50,India,0.7273094142984704,5
42,Private,31387,Doctorate,16,Married-spouse-absent,Prof-specialty,Unmarried,Amer-Indian-Eskimo,Female,0,0,40,United-States,0.7269454598240173,4
58,Local-gov,239405,5th-6th,3,Divorced,Other-service,Other-relative,Black,Female,0,0,40,Haiti,0.7267971020867059,3
54,Self-emp-not-inc,269068,Prof-school,15,Married-civ-spouse,Prof-specialty,Husband,Asian-Pac-Islander,Male,99999,0,50,Philippines,0.7266211647885499,4
43,State-gov,261929,Doctorate,16,Married-spouse-absent,Prof-specialty,Unmarried,White,Male,25236,0,64,United-States,0.7259801472497247,3
49,State-gov,133917,Doctorate,16,Married-civ-spouse,Prof-specialty,Husband,Black,Male,0,1902,60,?,0.7248398287053803,3
71,Private,228806,9th,5,Divorced,Priv-house-serv,Not-in-family,Black,Female,0,0,6,United-States,0.7247476851020225,5
30,Federal-gov,76313,HS-grad,9,Married-civ-spouse,Armed-Forces,Other-relative,Amer-Indian-Eskimo,Male,0,0,48,United-States,0.7231744249183847,4
23,Private,180771,1st-4th,2,Married-civ-spouse,Machine-op-inspct,Wife,Amer-Indian-Eskimo,Female,0,0,35,Mexico,0.722303276781677,5
38,?,70282,Masters,14,Married-civ-spouse,?,Wife,Black,Female,15024,0,2,United-States,0.7212032378165136,3
60,Private,223696,1st-4th,2,Divorced,Craft-repair,Not-in-family,Other,Male,0,0,38,Dominican-Republic,0.7210997163772304,3
82,?,52921,Some-college,10,Widowed,?,Not-in-family,Amer-Indian-Eskimo,Male,0,0,3,United-States,0.7206534027878937,4
52,?,115209,Prof-school,15,Married-spouse-absent,?,Unmarried,Asian-Pac-Islander,Female,0,0,40,Vietnam,0.7202298791433495,5
31,Private,237824,HS-grad,9,Married-spouse-absent,Priv-house-serv,Other-relative,Black,Female,0,0,60,Jamaica,0.7197748859395376,4
58,State-gov,110517,Doctorate,16,Married-civ-spouse,Prof-specialty,Husband,Asian-Pac-Islander,Male,4064,0,40,India,0.7184586056087827,3
36,Federal-gov,930948,Some-college,10,Separated,Adm-clerical,Unmarried,Black,Female,6497,0,56,United-States,0.7167342580724301,4
26,Private,322614,Preschool,1,Married-spouse-absent,Machine-op-inspct,Not-in-family,White,Male,0,1719,40,Mexico,0.7167007405965331,3
51,Private,160724,Doctorate,16,Married-civ-spouse,Prof-specialty,Husband,Asian-Pac-Islander,Male,0,0,99,South,0.7164668430807315,3
36,Private,250238,1st-4th,2,Never-married,Other-service,Other-relative,Other,Female,0,0,40,El-Salvador,0.7158824352238569,5
65,?,293385,Preschool,1,Married-civ-spouse,?,Husband,Black,Male,0,0,30,United-States,0.7156116209513808,2
40,State-gov,506329,Doctorate,16,Married-civ-spouse,Prof-specialty,Husband,Asian-Pac-Islander,Male,0,0,40,Taiwan,0.7144333947868982,4
72,?,118902,Doctorate,16,Married-civ-spouse,?,Husband,White,Male,0,2392,6,United-States,0.7143975364110755,2
71,?,193863,7th-8th,4,Widowed,?,Other-relative,White,Female,0,0,16,Poland,0.7140332336066209,3
19,Private,361341,12th,8,Never-married,Prof-specialty,Not-in-family,Asian-Pac-Islander,Female,0,0,25,Thailand,0.7137728259079865,4
44,Private,52028,1st-4th,2,Married-civ-spouse,Other-service,Wife,Asian-Pac-Islander,Female,0,0,40,Vietnam,0.7137311349473383,5
65,Private,109351,9th,5,Widowed,Priv-house-serv,Unmarried,Black,Female,0,0,24,United-States,0.7122625606126556,3
34,State-gov,20057,Some-college,10,Married-spouse-absent,Adm-clerical,Unmarried,Asian-Pac-Islander,Female,0,0,38,Philippines,0.7118044541725081,3
75,?,248833,HS-grad,9,Married-AF-spouse,?,Wife,White,Female,2653,0,14,United-States,0.7113718380673686,2
67,State-gov,239705,Doctorate,16,Married-civ-spouse,Prof-specialty,Husband,Black,Male,0,0,12,?,0.7112997187312351,1
67,Self-emp-not-inc,105907,1st-4th,2,Widowed,Other-service,Not-in-family,Black,Female,0,0,20,United-States,0.7106616819179803,3
53,Private,202720,9th,5,Married-spouse-absent,Machine-op-inspct,Unmarried,Black,Male,0,0,75,Haiti,0.7096058123542899,3
75,Private,95985,5th-6th,3,Widowed,Other-service,Unmarried,Black,Male,0,0,10,United-States,0.7087494650606339,2
81,Private,100675,1st-4th,2,Married-civ-spouse,Prof-specialty,Husband,White,Male,0,0,15,Poland,0.7086722603774473,2
81,Self-emp-not-inc,193237,1st-4th,2,Widowed,Sales,Other-relative,White,Male,0,0,45,Mexico,0.7082515522721102,3
90,?,77053,HS-grad,9,Widowed,?,Not-in-family,White,Female,0,4356,40,United-States,0.7081491388803325,4
41,Self-emp-inc,495061,Doctorate,16,Married-civ-spouse,Prof-specialty,Husband,White,Male,99999,0,70,United-States,0.7081180407249221,3
79,Federal-gov,62176,Doctorate,16,Widowed,Exec-managerial,Not-in-family,White,Male,0,0,6,United-States,0.7073072061901962,1
73,Self-emp-not-inc,233882,HS-grad,9,Married-civ-spouse,Farming-fishing,Husband,Asian-Pac-Islander,Male,0,2457,40,Vietnam,0.7061900585629377,4
23,Private,256278,7th-8th,4,Married-civ-spouse,Handlers-cleaners,Other-relative,Other,Female,0,0,30,El-Salvador,0.7058841125511504,5
55,State-gov,117357,Doctorate,16,Married-civ-spouse,Prof-specialty,Husband,Asian-Pac-Islander,Male,0,0,70,?,0.705588425979468,3
66,Private,178120,5th-6th,3,Divorced,Priv-house-serv,Not-in-family,Black,Female,0,0,15,United-States,0.7055209518829668,3
18,Private,282609,5th-6th,3,Never-married,Handlers-cleaners,Other-relative,White,Male,0,0,30,Honduras,0.7050163697830902,2
17,Private,220562,9th,5,Never-married,Sales,Other-relative,Other,Female,0,0,32,Mexico,0.7031731163087502,5
66,?,186061,Some-college,10,Widowed,?,Unmarried,Black,Female,0,4356,40,United-States,0.7028922943633995,4
55,Private,223613,1st-4th,2,Divorced,Priv-house-serv,Unmarried,White,Female,0,0,30,Cuba,0.702781329465199,2
31,Private,452405,Preschool,1,Never-married,Other-service,Other-relative,White,Female,0,0,35,Mexico,0.7027786963310345,2
41,Private,289886,5th-6th,3,Married-civ-spouse,Other-service,Husband,Other,Male,0,1579,40,Nicaragua,0.7021098574920734,4
32,Private,390997,1st-4th,2,Never-married,Farming-fishing,Not-in-family,Other,Male,0,0,50,Mexico,0.7019840165292159,4
80,?,29020,Prof-school,15,Married-civ-spouse,?,Husband,White,Male,10605,0,10,United-States,0.7013738265230489,1
72,Private,497280,9th,5,Widowed,Other-service,Unmarried,Black,Female,0,0,20,United-States,0.7012771270929927,4
74,?,33114,10th,6,Married-civ-spouse,?,Husband,Amer-Indian-Eskimo,Male,1797,0,30,United-States,0.7009298110315834,4
19,Private,277695,Preschool,1,Never-married,Farming-fishing,Not-in-family,White,Male,0,0,36,Hong,0.7002003721588299,2
41,Self-emp-inc,139916,Assoc-voc,11,Married-civ-spouse,Sales,Husband,Other,Male,0,2179,84,Mexico,0.7000965456800214,4
54,Private,185042,1st-4th,2,Separated,Priv-house-serv,Other-relative,White,Female,0,0,40,Mexico,0.699869548721239,2
57,State-gov,19520,Doctorate,16,Divorced,Prof-specialty,Unmarried,White,Female,0,0,50,United-States,0.6994969418809054,1
32,Private,102986,5th-6th,3,Married-civ-spouse,Machine-op-inspct,Wife,Asian-Pac-Islander,Female,0,0,40,Laos,0.6981780861013827,4
45,Self-emp-inc,108100,Bachelors,13,Married-civ-spouse,Exec-managerial,Wife,Asian-Pac-Islander,Female,99999,0,25,?,0.6969811916094364,5
30,Private,315640,Doctorate,16,Married-civ-spouse,Prof-specialty,Husband,Asian-Pac-Islander,Male,0,1977,40,China,0.696411107452926,3
46,Self-emp-inc,283004,Assoc-voc,11,Divorced,Exec-managerial,Unmarried,Asian-Pac-Islander,Female,0,0,63,Thailand,0.6952983142271705,4
61,Private,81132,5th-6th,3,Married-civ-spouse,Handlers-cleaners,Husband,Asian-Pac-Islander,Male,7298,0,40,Philippines,0.6942057927219307,4
33,State-gov,119628,Doctorate,16,Married-civ-spouse,Prof-specialty,Husband,Asian-Pac-Islander,Male,0,0,50,Hong,0.6935215171763907,3
31,Private,196025,Doctorate,16,Married-spouse-absent,Prof-specialty,Not-in-family,Asian-Pac-Islander,Male,0,0,60,China,0.6934824654457419,3
25,Private,458549,1st-4th,2,Married-civ-spouse,Farming-fishing,Husband,White,Male,0,0,96,Mexico,0.6918866045464493,3
19,Private,472807,1st-4th,2,Never-married,Handlers-cleaners,Other-relative,White,Male,0,0,52,Mexico,0.6912172569277968,2
42,Private,119359,Prof-school,15,Married-civ-spouse,Sales,Wife,Amer-Indian-Eskimo,Female,15024,0,40,South,0.6910809865506642,5
37,Self-emp-inc,382802,Doctorate,16,Married-civ-spouse,Prof-specialty,Husband,Black,Male,0,0,99,United-States,0.6905533300239242,3
66,Local-gov,362165,Bachelors,13,Widowed,Prof-specialty,Not-in-family,Black,Female,0,2206,25,United-States,0.6904016050197053,4
36,State-gov,747719,Prof-school,15,Married-civ-spouse,Prof-specialty,Wife,White,Female,15024,0,50,United-States,0.6903814010289,4
70,Private,237065,5th-6th,3,Widowed,Other-service,Other-relative,White,Female,2346,0,40,?,0.6903207635693831,2
41,Private,648223,1st-4th,2,Married-spouse-absent,Farming-fishing,Unmarried,White,Male,0,0,40,Mexico,0.6893572646324599,3
53,Private,223696,12th,8,Married-spouse-absent,Handlers-cleaners,Not-in-family,Other,Male,0,0,56,Dominican-Republic,0.6892281217447165,4
31,Private,306459,1st-4th,2,Separated,Handlers-cleaners,Unmarried,White,Male,0,0,35,Honduras,0.6891226175520708,2
79,Private,120707,Doctorate,16,Married-civ-spouse,Prof-specialty,Husband,White,Male,20051,0,35,El-Salvador,0.6889672974724494,2
39,Private,70240,5th-6th,3,Married-spouse-absent,Other-service,Unmarried,Asian-Pac-Islander,Female,0,0,40,Philippines,0.6887960819746386,4
63,Private,30602,7th-8th,4,Married-spouse-absent,Other-service,Unmarried,Amer-Indian-Eskimo,Female,0,0,40,United-States,0.6876369087320755,4
49,Self-emp-inc,362795,Masters,14,Divorced,Prof-specialty,Unmarried,White,Male,99999,0,80,Mexico,0.6875788111386496,5
58,Private,473836,7th-8th,4,Widowed,Farming-fishing,Other-relative,White,Female,0,0,45,Guatemala,0.6871993681549808,3
90,?,256514,Bachelors,13,Widowed,?,Other-relative,White,Female,991,0,10,United-States,0.6870575070844764,2
48,Private,377140,5th-6th,3,Never-married,Priv-house-serv,Unmarried,White,Female,0,0,35,Nicaragua,0.6868388950186484,2
25,?,12285,Some-college,10,Never-married,?,Not-in-family,Amer-Indian-Eskimo,Female,0,0,20,United-States,0.6857021344723859,2
75,?,164849,9th,5,Married-civ-spouse,?,Husband,Black,Male,1409,0,5,United-States,0.6848101932024573,2
82,?,29441,7th-8th,4,Widowed,?,Not-in-family,White,Male,0,0,5,United-States,0.6841041514321948,1
54,Private,175262,Preschool,1,Married-civ-spouse,Craft-repair,Husband,Asian-Pac-Islander,Male,0,0,40,China,0.6837736140711335,3
64,Federal-gov,175534,Doctorate,16,Married-civ-spouse,Prof-specialty,Husband,Asian-Pac-Islander,Male,0,0,40,China,0.6823702192588372,3
64,Private,149044,Masters,14,Married-civ-spouse,Prof-specialty,Husband,Asian-Pac-Islander,Male,0,2057,60,China,0.6819910181827538,4
52,Private,310045,9th,5,Married-spouse-absent,Machine-op-inspct,Not-in-family,Asian-Pac-Islander,Female,0,0,30,China,0.6818065861154721,5
82,Private,132870,HS-grad,9,Widowed,Exec-managerial,Not-in-family,White,Female,0,4356,18,United-States,0.6808129963573903,4
90,Private,87372,Prof-school,15,Married-civ-spouse,Prof-specialty,Husband,White,Male,20051,0,72,United-States,0.6805438968715114,2
63,Self-emp-not-inc,35021,Bachelors,13,Married-civ-spouse,Prof-specialty,Husband,Asian-Pac-Islander,Male,0,1977,32,China,0.6803975135075941,2
72,?,75890,Some-college,10,Widowed,?,Unmarried,Asian-Pac-Islander,Female,0,0,4,United-States,0.6803455621272667,4
66,Self-emp-inc,150726,9th,5,Married-civ-spouse,Exec-managerial,Husband,White,Male,1409,0,1,?,0.6801519712965025,1
50,Self-emp-inc,156623,Prof-school,15,Married-civ-spouse,Prof-specialty,Husband,Asian-Pac-Islander,Male,7688,0,50,Philippines,0.6795867823813462,3
55,Self-emp-inc,124137,Prof-school,15,Married-civ-spouse,Prof-specialty,Husband,White,Male,0,2415,35,Greece,0.6794745123280941,2
75,Self-emp-not-inc,231741,Doctorate,16,Married-civ-spouse,Prof-specialty,Husband,White,Male,4931,0,3,United-States,0.6790258029386118,1
81,State-gov,132204,1st-4th,2,Widowed,Other-service,Not-in-family,White,Female,0,0,20,United-States,0.6785380725300891,2
40,Private,566537,Preschool,1,Married-civ-spouse,Other-service,Husband,White,Male,0,1672,40,Mexico,0.6784773500787151,3
60,Self-emp-inc,336188,Prof-school,15,Married-civ-spouse,Prof-specialty,Husband,White,Male,0,2415,80,United-States,0.6784503922044154,3
67,Without-pay,137192,HS-grad,9,Married-civ-spouse,Adm-clerical,Husband,Asian-Pac-Islander,Male,0,0,12,Philippines,0.6778314899176963,3
42,Private,46221,Doctorate,16,Married-spouse-absent,Other-service,Not-in-family,White,Male,27828,0,60,?,0.6778176768944775,3
76,?,431192,7th-8th,4,Widowed,?,Not-in-family,White,Male,0,0,2,United-States,0.6776491949565178,2
56,Self-emp-not-inc,60166,1st-4th,2,Never-married,Exec-managerial,Not-in-family,Amer-Indian-Eskimo,Male,0,0,65,United-States,0.6775000039530537,3
59,Private,122283,Prof-school,15,Married-civ-spouse,Prof-specialty,Husband,Asian-Pac-Islander,Male,99999,0,40,India,0.6773746063700601,3
34,Private,25322,Bachelors,13,Married-spouse-absent,Machine-op-inspct,Not-in-family,Asian-Pac-Islander,Male,0,2339,40,?,0.6770262436861789,4
43,Federal-gov,211763,Doctorate,16,Separated,Prof-specialty,Unmarried,Black,Female,0,0,24,United-States,0.6763327649496882,2
52,Private,241444,1st-4th,2,Married-civ-spouse,Craft-repair,Husband,Other,Male,0,0,50,Puerto-Rico,0.676166391145079,3
34,State-gov,145874,Doctorate,16,Married-civ-spouse,Tech-support,Husband,Asian-Pac-Islander,Male,0,0,20,China,0.6761265614699068,2
50,Private,71898,5th-6th,3,Married-civ-spouse,Machine-op-inspct,Wife,Asian-Pac-Islander,Female,0,0,35,Philippines,0.6754116099729748,5
19,Self-emp-not-inc,30800,10th,6,Married-spouse-absent,Adm-clerical,Unmarried,Amer-Indian-Eskimo,Female,0,0,40,United-States,0.6750633186705413,4
69,Self-emp-not-inc,29980,7th-8th,4,Never-married,Farming-fishing,Other-relative,White,Male,1848,0,10,United-States,0.6738329010402675,2
19,?,109938,11th,7,Married-civ-spouse,?,Wife,Asian-Pac-Islander,Female,0,0,40,Laos,0.673665137717149,4
27,Private,113464,1st-4th,2,Never-married,Other-service,Own-child,Other,Male,0,0,35,Dominican-Republic,0.6725926341621113,3
22,?,31102,Some-college,10,Never-married,?,Own-child,Asian-Pac-Islander,Female,0,0,4,South,0.672292108629392,3
81,?,120478,Assoc-voc,11,Divorced,?,Unmarried,White,Female,0,0,1,?,0.6713796035760242,1
42,Private,297335,Assoc-acdm,12,Married-spouse-absent,Exec-managerial,Unmarried,Asian-Pac-Islander,Female,0,0,31,Laos,0.6713013956912763,3
76,Federal-gov,25319,Masters,14,Widowed,Prof-specialty,Not-in-family,White,Female,0,0,15,United-States,0.6712594844086937,1
59,Local-gov,171328,HS-grad,9,Separated,Protective-serv,Other-relative,Black,Female,0,2339,40,United-States,0.671203304212963,4
56,Private,247119,7th-8th,4,Widowed,Machine-op-inspct,Unmarried,Other,Female,0,0,40,Dominican-Republic,0.6710353008431464,5
35,Federal-gov,103214,Doctorate,16,Never-married,Prof-specialty,Not-in-family,Amer-Indian-Eskimo,Female,0,0,60,United-States,0.6709404025885828,3
67,?,129188,Doctorate,16,Married-civ-spouse,?,Husband,White,Male,20051,0,5,United-States,0.6709062283112845,2
67,Self-emp-not-inc,431426,Assoc-acdm,12,Married-civ-spouse,Exec-managerial,Wife,White,Female,20051,0,4,United-States,0.6703486200065416,3
84,?,368925,5th-6th,3,Widowed,?,Not-in-family,White,Male,0,0,15,United-States,0.670124099307055,2
45,Private,129371,9th,5,Separated,Other-service,Unmarried,Other,Female,0,0,40,Trinadad&Tobago,0.6691946594074469,4
72,Self-emp-not-inc,52138,Doctorate,16,Married-civ-spouse,Prof-specialty,Husband,White,Male,0,2392,25,United-States,0.6688150649495554,2
41,Federal-gov,19914,Bachelors,13,Married-civ-spouse,Adm-clerical,Wife,Asian-Pac-Islander,Female,0,0,40,Philippines,0.6684538453558246,2
59,State-gov,398626,Doctorate,16,Divorced,Prof-specialty,Unmarried,White,Male,25236,0,45,United-States,0.6682267706047078,3
51,Private,68882,1st-4th,2,Widowed,Other-service,Unmarried,White,Female,0,0,35,Portugal,0.6679774658451865,2
18,Private,452452,10th,6,Never-married,Priv-house-serv,Own-child,Black,Female,0,0,20,United-States,0.6679571446622159,3
18,?,85154,12th,8,Never-married,?,Own-child,Asian-Pac-Islander,Female,0,0,24,Germany,0.6676278739515833,4
61,Self-emp-inc,98350,Doctorate,16,Married-civ-spouse,Exec-managerial,Husband,Asian-Pac-Islander,Male,0,0,40,Taiwan,0.6673371284437937,2
42,Private,572751,Preschool,1,Married-civ-spouse,Craft-repair,Husband,White,Male,0,0,40,Nicaragua,0.6672033736762657,2
63,Private,158199,1st-4th,2,Widowed,Machine-op-inspct,Unmarried,White,Female,0,0,44,Portugal,0.6669959935170275,2
47,Private,217509,HS-grad,9,Widowed,Priv-house-serv,Not-in-family,Asian-Pac-Islander,Female,0,0,45,Thailand,0.6662564159419486,5
58,Private,119751,HS-grad,9,Married-civ-spouse,Priv-house-serv,Other-relative,Asian-Pac-Islander,Female,0,0,60,Philippines,0.6661347844944001,6
48,Private,208748,5th-6th,3,Divorced,Machine-op-inspct,Unmarried,Other,Female,0,0,40,Dominican-Republic,0.666093386903899,4
27,Private,177955,5th-6th,3,Never-married,Priv-house-serv,Other-relative,White,Female,2176,0,40,El-Salvador,0.6651623950744525,2
47,Private,343579,1st-4th,2,Married-spouse-absent,Farming-fishing,Not-in-family,White,Male,0,0,12,Mexico,0.6644186834714916,2
52,State-gov,254285,Doctorate,16,Married-civ-spouse,Prof-specialty,Husband,White,Male,0,1887,70,Germany,0.6624581769315159,3
28,Federal-gov,24153,10th,6,Married-civ-spouse,Other-service,Wife,Amer-Indian-Eskimo,Female,0,0,40,United-States,0.6624069110237145,3
52,Self-emp-inc,334273,Doctorate,16,Married-civ-spouse,Prof-specialty,Husband,White,Male,99999,0,65,United-States,0.6619260881974767,2
53,Self-emp-not-inc,145419,1st-4th,2,Married-civ-spouse,Exec-managerial,Husband,White,Male,7688,0,67,Italy,0.6610253167017706,3
42,State-gov,102343,Prof-school,15,Married-civ-spouse,Prof-specialty,Husband,Asian-Pac-Islander,Male,0,0,72,India,0.6603743186257622,2
57,Private,142791,7th-8th,4,Widowed,Sales,Other-relative,White,Female,0,1602,3,United-States,0.6603214691645356,2
48,Private,143098,Doctorate,16,Married-civ-spouse,Prof-specialty,Husband,Asian-Pac-Islander,Male,0,1902,40,China,0.6603160891968014,2
77,Self-emp-inc,84979,Doctorate,16,Married-civ-spouse,Farming-fishing,Husband,White,Male,20051,0,40,United-States,0.659453245249304,2
53,Federal-gov,199720,Doctorate,16,Married-civ-spouse,Prof-specialty,Husband,White,Male,15024,0,60,Germany,0.6593604098186105,1
64,Federal-gov,388594,Prof-school,15,Married-civ-spouse,Prof-specialty,Husband,White,Male,15024,0,45,?,0.6592300627255141,1
64,Private,221343,1st-4th,2,Divorced,Priv-house-serv,Not-in-family,White,Female,0,0,12,United-States,0.6591687606263452,2
39,Private,130620,7th-8th,4,Married-spouse-absent,Machine-op-inspct,Unmarried,Other,Female,0,0,40,Dominican-Republic,0.6587109539422349,5
79,Private,172220,7th-8th,4,Widowed,Priv-house-serv,Not-in-family,White,Female,2964,0,30,United-States,0.6585193650522279,2
39,State-gov,221059,Masters,14,Married-civ-spouse,Prof-specialty,Other-relative,Other,Female,7688,0,38,United-States,0.6583074682408605,3
64,Private,251292,5th-6th,3,Separated,Other-service,Other-relative,White,Female,0,0,20,Cuba,0.6579372950929305,2
35,Private,161637,Doctorate,16,Married-civ-spouse,Prof-specialty,Husband,Asian-Pac-Islander,Male,0,1902,40,Taiwan,0.6577522666431557,2
53,Private,195813,5th-6th,3,Married-civ-spouse,Craft-repair,Husband,Other,Male,5178,0,40,Puerto-Rico,0.6574418259594521,3
77,Self-emp-not-inc,71676,Some-college,10,Widowed,Adm-clerical,Not-in-family,White,Female,0,1944,1,United-States,0.6569921595188524,3
68,Private,121846,7th-8th,4,Widowed,Other-service,Unmarried,Amer-Indian-Eskimo,Female,0,0,20,United-States,0.6569204704634106,4
84,Private,388384,7th-8th,4,Married-civ-spouse,Prof-specialty,Husband,Black,Male,0,0,10,United-States,0.656825390720102,1
29,Private,157308,11th,7,Married-civ-spouse,Handlers-cleaners,Wife,Asian-Pac-Islander,Female,2829,0,14,Philippines,0.656583912971183,5
58,State-gov,136982,HS-grad,9,Married-spouse-absent,Other-service,Unmarried,Black,Female,0,0,40,Honduras,0.6561315863181023,2
17,Private,168203,7th-8th,4,Never-married,Farming-fishing,Other-relative,Other,Male,0,0,40,Mexico,0.6550771552904526,4
57,Private,121821,1st-4th,2,Married-civ-spouse,Other-service,Husband,Other,Male,0,0,40,Dominican-Republic,0.6541967555095292,3
61,Private,43554,5th-6th,3,Never-married,Handlers-cleaners,Not-in-family,Black,Male,0,2339,40,United-States,0.654192238085074,3
53,?,251804,5th-6th,3,Widowed,?,Unmarried,Black,Female,0,0,30,United-States,0.6538930238942111,3
68,State-gov,235882,Doctorate,16,Married-civ-spouse,Prof-specialty,Husband,White,Male,0,2377,60,United-States,0.6537336617400089,2
64,Self-emp-inc,165667,Doctorate,16,Married-civ-spouse,Prof-specialty,Husband,White,Male,7688,0,60,Canada,0.6536322085974768,1
59,Self-emp-inc,107287,10th,6,Widowed,Exec-managerial,Unmarried,White,Female,0,2559,50,United-States,0.6521816941053362,4
19,Private,216937,HS-grad,9,Never-married,Handlers-cleaners,Other-relative,Other,Female,0,0,60,Guatemala,0.6518870175444857,5
28,?,173800,Bachelors,13,Married-spouse-absent,?,Not-in-family,Asian-Pac-Islander,Female,0,0,10,Taiwan,0.6518550345009309,5
76,?,211453,HS-grad,9,Widowed,?,Not-in-family,Black,Female,0,0,2,United-States,0.6507942346185556,1
62,Private,272209,HS-grad,9,Divorced,Priv-house-serv,Unmarried,Black,Female,0,0,99,United-States,0.6503688975963513,3
40,Self-emp-not-inc,284706,Prof-school,15,Married-civ-spouse,Prof-specialty,Husband,Amer-Indian-Eskimo,Male,0,1977,60,United-States,0.6502755090024932,2
33,Local-gov,269604,5th-6th,3,Never-married,Other-service,Unmarried,Other,Female,0,0,40,El-Salvador,0.6497801565750538,5
19,Private,247298,12th,8,Married-spouse-absent,Other-service,Own-child,Other,Female,0,0,20,United-States,0.64939230551598,4
74,Private,91488,1st-4th,2,Married-civ-spouse,Transport-moving,Husband,Black,Male,0,0,20,United-States,0.6490707252957288,2
68,Federal-gov,422013,HS-grad,9,Divorced,Prof-specialty,Not-in-family,White,Female,0,3683,40,United-States,0.6489678882566818,4
43,Self-emp-not-inc,154785,Bachelors,13,Married-civ-spouse,Machine-op-inspct,Wife,Asian-Pac-Islander,Female,0,0,80,Thailand,0.6487977774669091,5
24,State-gov,208826,Doctorate,16,Never-married,Prof-specialty,Not-in-family,White,Female,0,0,99,England,0.6485520671080949,1
62,Private,147627,9th,5,Never-married,Priv-house-serv,Not-in-family,Black,Female,1055,0,22,United-States,0.6476100308593791,2
24,Private,22201,HS-grad,9,Married-civ-spouse,Protective-serv,Husband,Asian-Pac-Islander,Male,0,0,40,Thailand,0.647590661468995,3
66,Federal-gov,38621,Assoc-voc,11,Widowed,Other-service,Unmarried,Black,Female,3273,0,40,United-States,0.6470804239117975,3
31,Private,136398,Doctorate,16,Married-civ-spouse,Prof-specialty,Husband,Asian-Pac-Islander,Male,0,0,50,Thailand,0.6469082684917598,3
41,?,217921,9th,5,Married-civ-spouse,?,Wife,Asian-Pac-Islander,Female,0,0,40,Hong,0.6463945772799737,5
39,Local-gov,214284,Bachelors,13,Widowed,Prof-specialty,Unmarried,Asian-Pac-Islander,Female,0,0,10,Japan,0.646299171165192,3
38,?,94559,Bachelors,13,Married-civ-spouse,?,Wife,Other,Female,7688,0,50,?,0.6460567636877894,5
19,?,351195,9th,5,Never-married,?,Other-relative,White,Male,0,1719,35,El-Salvador,0.6457064521633289,2
73,?,131982,Bachelors,13,Married-civ-spouse,?,Husband,Asian-Pac-Islander,Male,0,0,5,Vietnam,0.6455273772716887,3
46,Local-gov,398986,Doctorate,16,Married-civ-spouse,Prof-specialty,Wife,White,Female,0,1902,52,United-States,0.6454672046637613,1
65,State-gov,29276,7th-8th,4,Widowed,Other-service,Other-relative,White,Female,0,0,24,United-States,0.6451636676466346,2
58,Self-emp-inc,181974,Doctorate,16,Never-married,Prof-specialty,Not-in-family,White,Female,0,0,99,?,0.6449106794584438,2
65,Local-gov,146454,Masters,14,Married-civ-spouse,Prof-specialty,Husband,White,Male,0,1648,4,Greece,0.644722422621842,1
53,Self-emp-not-inc,137547,Prof-school,15,Never-married,Prof-specialty,Not-in-family,Asian-Pac-Islander,Male,27828,0,40,Philippines,0.644512100495463,4
77,?,28678,Masters,14,Married-civ-spouse,?,Husband,White,Male,9386,0,6,United-States,0.6444799950887106,1
28,Private,166481,7th-8th,4,Married-civ-spouse,Handlers-cleaners,Husband,Other,Male,0,2179,40,Puerto-Rico,0.644398326405601,4
40,Federal-gov,298635,Masters,14,Married-civ-spouse,Tech-support,Husband,Asian-Pac-Islander,Male,0,1902,40,Philippines,0.6443463000832992,4
75,State-gov,113868,Doctorate,16,Married-civ-spouse,Prof-specialty,Husband,Black,Male,0,0,20,United-States,0.6438670989809552,1
46,Private,295566,Doctorate,16,Divorced,Prof-specialty,Unmarried,White,Female,25236,0,65,United-States,0.6438140719900711,2
48,Self-emp-inc,56975,HS-grad,9,Divorced,Sales,Unmarried,Asian-Pac-Islander,Female,0,0,84,?,0.6421773773628716,5
61,Private,668362,1st-4th,2,Widowed,Handlers-cleaners,Not-in-family,White,Female,0,0,40,United-States,0.6419153738914469,4
50,Self-emp-not-inc,99894,5th-6th,3,Never-married,Tech-support,Not-in-family,Asian-Pac-Islander,Female,0,0,15,United-States,0.6418991732677559,4
53,Private,191565,1st-4th,2,Divorced,Other-service,Unmarried,Black,Female,0,0,40,Dominican-Republic,0.6418920103236143,3
56,Self-emp-inc,205601,Doctorate,16,Married-civ-spouse,Prof-specialty,Husband,White,Male,99999,0,70,United-States,0.6417844533132357,2
39,Self-emp-inc,124685,Masters,14,Divorced,Exec-managerial,Not-in-family,Asian-Pac-Islander,Male,0,0,99,Japan,0.6415718997872242,3
58,Self-emp-not-inc,266707,1st-4th,2,Married-civ-spouse,Transport-moving,Husband,White,Male,0,2179,18,United-States,0.641260437145291,3
40,Private,20109,Some-college,10,Divorced,Handlers-cleaners,Not-in-family,Amer-Indian-Eskimo,Female,0,0,84,United-States,0.6411743231487597,2
67,?,159542,5th-6th,3,Widowed,?,Unmarried,Black,Female,0,0,40,United-States,0.6409816063213147,3
53,Private,20438,Some-college,10,Separated,Exec-managerial,Unmarried,Amer-Indian-Eskimo,Female,0,0,15,United-States,0.6406423718447922,2
62,Self-emp-not-inc,26857,7th-8th,4,Widowed,Farming-fishing,Other-relative,White,Female,0,0,35,United-States,0.6405456715649103,2
23,Private,218445,5th-6th,3,Never-married,Priv-house-serv,Unmarried,White,Female,0,0,12,Mexico,0.6402541182220838,2
27,Private,110622,5th-6th,3,Never-married,Sales,Own-child,Asian-Pac-Islander,Female,0,0,20,Vietnam,0.6400819252717405,5
43,Federal-gov,325706,Prof-school,15,Married-civ-spouse,Prof-specialty,Husband,Asian-Pac-Islander,Male,0,0,50,India,0.6393420399493097,2
54,?,148657,Preschool,1,Married-civ-spouse,?,Wife,White,Female,0,0,40,Mexico,0.6389579996403523,2
26,State-gov,203279,Prof-school,15,Never-married,Prof-specialty,Not-in-family,Asian-Pac-Islander,Male,2463,0,50,India,0.6387603546094429,2
39,Private,299828,5th-6th,3,Separated,Sales,Unmarried,Black,Female,0,0,30,Puerto-Rico,0.6382554359170189,3
60,?,41517,11th,7,Married-spouse-absent,?,Unmarried,Black,Female,0,0,20,United-States,0.638246155489264,3
67,Self-emp-not-inc,148690,Masters,14,Widowed,Prof-specialty,Not-in-family,White,Male,18481,0,2,United-States,0.6380319202858629,2
90,?,225063,Some-college,10,Never-married,?,Own-child,Asian-Pac-Islander,Male,0,0,10,South,0.6378554555406089,4
17,Local-gov,32124,9th,5,Never-married,Other-service,Own-child,Black,Male,0,0,9,United-States,0.6372608179200336,1
51,Federal-gov,282680,Doctorate,16,Never-married,Prof-specialty,Not-in-family,White,Female,0,1564,70,United-States,0.6369416326866211,1
90,?,39824,HS-grad,9,Widowed,?,Not-in-family,White,Male,401,0,4,United-States,0.6366922447483623,2
17,Private,19752,11th,7,Never-married,Other-service,Own-child,Black,Female,0,0,25,United-States,0.636659524456525,1
57,Self-emp-inc,180211,Prof-school,15,Married-civ-spouse,Prof-specialty,Husband,Asian-Pac-Islander,Male,0,0,50,Taiwan,0.6364937936743209,2
41,Private,235167,5th-6th,3,Married-spouse-absent,Priv-house-serv,Not-in-family,White,Female,0,0,32,Mexico,0.6359556092925798,2
34,Local-gov,144182,Preschool,1,Never-married,Adm-clerical,Own-child,Black,Female,0,0,25,United-States,0.6358532670221033,2
72,Private,268861,7th-8th,4,Widowed,Other-service,Not-in-family,White,Female,0,0,99,?,0.6353747931278817,3
61,?,229744,1st-4th,2,Married-civ-spouse,?,Husband,White,Male,3942,0,20,Mexico,0.6353684344967643,2
28,Private,388112,1st-4th,2,Never-married,Farming-fishing,Unmarried,White,Male,0,0,77,Mexico,0.6351208613102386,2
66,State-gov,162945,Prof-school,15,Married-civ-spouse,Exec-managerial,Husband,Black,Male,20051,0,55,United-States,0.635016513764969,2
51,Private,293196,Doctorate,16,Married-civ-spouse,Prof-specialty,Husband,White,Male,15024,0,60,Iran,0.6348864001207648,1
40,Private,79586,Prof-school,15,Married-civ-spouse,Prof-specialty,Husband,Asian-Pac-Islander,Male,99999,0,40,?,0.6347000337277049,3
41,Self-emp-inc,93227,Bachelors,13,Married-civ-spouse,Exec-managerial,Husband,Asian-Pac-Islander,Male,0,1977,60,Taiwan,0.6342586947464768,2
63,?,445168,Bachelors,13,Widowed,?,Not-in-family,Amer-Indian-Eskimo,Female,0,0,56,United-States,0.6341581183057103,4
53,Private,97411,5th-6th,3,Married-civ-spouse,Machine-op-inspct,Husband,Asian-Pac-Islander,Male,0,0,40,Laos,0.6340020979639922,3
60,?,141221,Bachelors,13,Married-civ-spouse,?,Husband,Asian-Pac-Islander,Male,0,2163,25,South,0.6339969171254987,2
33,Private,228696,1st-4th,2,Married-civ-spouse,Craft-repair,Not-in-family,White,Male,0,2603,32,Mexico,0.6337909436102125,4
40,Private,121956,Bachelors,13,Married-spouse-absent,Prof-specialty,Not-in-family,Asian-Pac-Islander,Male,13550,0,40,Cambodia,0.6334594173950601,4
55,Private,119751,Masters,14,Never-married,Prof-specialty,Other-relative,Asian-Pac-Islander,Female,0,0,40,Thailand,0.6333220639374519,2
27,Private,283913,5th-6th,3,Never-married,Priv-house-serv,Not-in-family,White,Female,0,0,65,England,0.6332774561109946,2
44,Private,148138,Doctorate,16,Married-civ-spouse,Exec-managerial,Husband,Asian-Pac-Islander,Male,15024,0,40,Japan,0.6332505429887343,2
76,Private,97077,10th,6,Widowed,Sales,Unmarried,Black,Female,0,0,12,United-States,0.6330232938256233,3
48,?,61985,9th,5,Separated,?,Not-in-family,Amer-Indian-Eskimo,Female,0,0,20,United-States,0.6327621792901312,4
35,?,98080,Prof-school,15,Never-married,?,Not-in-family,Asian-Pac-Islander,Male,4787,0,45,Japan,0.6327588544652551,2
77,Private,142646,7th-8th,4,Widowed,Priv-house-serv,Unmarried,White,Female,0,0,23,United-States,0.6324965096463746,2
18,Federal-gov,101709,11th,7,Never-married,Other-service,Own-child,Asian-Pac-Islander,Male,0,0,15,Philippines,0.6315729799111638,3
45,State-gov,190406,Prof-school,15,Divorced,Prof-specialty,Unmarried,Black,Male,25236,0,36,United-States,0.6314012171722834,2
61,Private,355645,9th,5,Married-civ-spouse,Machine-op-inspct,Husband,Black,Male,0,0,20,Trinadad&Tobago,0.631213666386605,2
48,State-gov,55863,Doctorate,16,Married-civ-spouse,Prof-specialty,Wife,White,Female,0,1902,46,United-States,0.6303662289813827,1
73,Self-emp-not-inc,102510,7th-8th,4,Married-civ-spouse,Farming-fishing,Husband,White,Male,6418,0,99,United-States,0.6299523399988012,3
52,Private,90189,7th-8th,4,Divorced,Priv-house-serv,Own-child,Black,Female,0,0,16,United-States,0.6294622106098413,3
58,Federal-gov,30111,Some-college,10,Widowed,Prof-specialty,Unmarried,Amer-Indian-Eskimo,Female,0,0,40,United-States,0.6292011033456801,2
42,Federal-gov,108183,Masters,14,Married-civ-spouse,Prof-specialty,Husband,Asian-Pac-Islander,Male,0,1902,40,South,0.6289849623114747,2
35,Federal-gov,20469,Some-college,10,Divorced,Exec-managerial,Unmarried,Asian-Pac-Islander,Female,0,0,40,Philippines,0.6283062296309405,2
73,?,89852,1st-4th,2,Married-civ-spouse,?,Husband,White,Male,0,0,40,Portugal,0.6281929523682754,2
47,Self-emp-not-inc,171968,Bachelors,13,Widowed,Exec-managerial,Unmarried,Asian-Pac-Islander,Female,0,0,60,Thailand,0.6279867409860365,4
37,Federal-gov,22201,Bachelors,13,Married-civ-spouse,Adm-clerical,Husband,Asian-Pac-Islander,Male,7298,0,40,Philippines,0.6277298014593455,2
33,Federal-gov,615893,Masters,14,Married-civ-spouse,Transport-moving,Husband,Black,Male,0,0,40,Nicaragua,0.627685528077434,3
25,Private,150553,9th,5,Married-spouse-absent,Adm-clerical,Unmarried,Asian-Pac-Islander,Female,0,0,40,Vietnam,0.6272323010712657,3
73,Private,301210,1st-4th,2,Married-civ-spouse,Transport-moving,Husband,White,Male,0,1735,20,United-States,0.6271694316063847,2
48,Private,114561,Bachelors,13,Married-spouse-absent,Prof-specialty,Other-relative,Asian-Pac-Islander,Female,0,0,36,Philippines,0.6271438804738279,3
64,Private,236341,5th-6th,3,Widowed,Other-service,Not-in-family,Black,Female,0,0,16,United-States,0.6269554085237763,2
20,?,273701,Some-college,10,Never-married,?,Other-relative,Black,Male,34095,0,10,United-States,0.6268260115788473,3
58,Local-gov,156649,1st-4th,2,Widowed,Handlers-cleaners,Unmarried,Black,Male,0,0,40,United-States,0.6267046069954905,2
46,Local-gov,197988,1st-4th,2,Never-married,Other-service,Not-in-family,Amer-Indian-Eskimo,Female,0,0,20,United-States,0.6266536665820284,4
66,Self-emp-not-inc,427422,Doctorate,16,Married-civ-spouse,Sales,Husband,White,Male,0,2377,25,United-States,0.6266457200719886,2
43,Private,598606,9th,5,Separated,Handlers-cleaners,Unmarried,Black,Female,0,0,50,United-States,0.6266394147880081,5
70,Private,304570,Bachelors,13,Widowed,Machine-op-inspct,Other-relative,Asian-Pac-Islander,Male,0,0,32,Philippines,0.626628542293711,6
65,Private,174603,5th-6th,3,Widowed,Machine-op-inspct,Not-in-family,White,Female,0,0,10,Italy,0.6260403580458238,2
49,Private,122066,5th-6th,3,Married-civ-spouse,Other-service,Husband,White,Male,0,2603,40,Greece,0.6260178471492757,4
54,State-gov,161334,Masters,14,Married-spouse-absent,Prof-specialty,Not-in-family,Asian-Pac-Islander,Female,0,0,40,China,0.6257374135449711,3
37,Local-gov,287306,Assoc-acdm,12,Married-civ-spouse,Prof-specialty,Wife,Black,Female,99999,0,40,?,0.6254792738859722,4
29,?,256211,1st-4th,2,Never-married,?,Own-child,Asian-Pac-Islander,Male,0,0,40,Philippines,0.6253583172235964,3
45,Private,214627,Doctorate,16,Widowed,Prof-specialty,Unmarried,White,Male,15020,0,40,Iran,0.6251619282101835,2
24,Private,132327,Some-college,10,Married-spouse-absent,Sales,Unmarried,Other,Female,0,0,30,Ecuador,0.6251194974422074,4
37,Private,51264,Doctorate,16,Married-civ-spouse,Prof-specialty,Husband,White,Male,0,0,99,France,0.6251134484905074,1
22,Private,213902,5th-6th,3,Never-married,Priv-house-serv,Other-relative,White,Female,0,0,40,El-Salvador,0.6249630528947612,2
70,Private,405362,7th-8th,4,Widowed,Other-service,Unmarried,Black,Female,0,0,38,United-States,0.6249611647511664,3
50,Private,92969,1st-4th,2,Separated,Prof-specialty,Unmarried,Black,Female,0,0,40,United-States,0.6246849507470016,2
49,Private,160187,9th,5,Married-spouse-absent,Other-service,Not-in-family,Black,Female,0,0,16,Jamaica,0.6244302149342491,3
68,?,38317,1st-4th,2,Divorced,?,Not-in-family,White,Female,0,0,20,United-States,0.6243937583578953,1
62,Local-gov,167889,Doctorate,16,Widowed,Prof-specialty,Unmarried,White,Female,0,0,40,Iran,0.6237190075686898,1
17,Private,130125,10th,6,Never-married,Other-service,Own-child,Amer-Indian-Eskimo,Female,1055,0,20,United-States,0.6237121954208165,2
29,Private,87507,Doctorate,16,Married-civ-spouse,Prof-specialty,Husband,Asian-Pac-Islander,Male,0,0,60,India,0.6236751413343999,3
72,?,76860,HS-grad,9,Married-civ-spouse,?,Husband,Asian-Pac-Islander,Male,0,0,1,United-States,0.623486588664856,2
32,Federal-gov,148138,Bachelors,13,Married-civ-spouse,Prof-specialty,Husband,Asian-Pac-Islander,Male,0,2002,40,Iran,0.623375812961285,3
74,?,292627,1st-4th,2,Married-civ-spouse,?,Husband,Black,Male,0,0,40,United-States,0.6233582024343578,2
36,Private,247936,HS-grad,9,Married-civ-spouse,Other-service,Wife,Asian-Pac-Islander,Female,0,0,2,Taiwan,0.6230196217412154,2
43,Private,128212,5th-6th,3,Married-civ-spouse,Machine-op-inspct,Wife,Asian-Pac-Islander,Female,0,0,40,Vietnam,0.6226774129697794,4
