Unnamed: 0,_id,inter_api_access_duration(sec),api_access_uniqueness,sequence_length(count),vsession_duration(min),ip_type,num_sessions,num_users,num_unique_apis,source,classification,graph_node_count,graph_edge_count,graph_density,graph_max_in_degree,graph_max_out_degree,graph_self_loops,score_ecod,anomaly_vote_count
23,90462da0-f6fb-379b-bd9d-1aec761b27a1,0.0007481497753975,0.0039693661891812,85.88874430709174,5926,default,1720.0,1537.0,524.0,E,normal,514,3280,0.012439226037423867,151,183,130,0.9999999999999999,5
62,b00a8232-9d49-342d-8f19-980b36d388a9,0.0006286427976686,0.0035964427402934,83.57836257309941,5391,default,1919.0,1710.0,514.0,E,normal,504,3218,0.01269367919467323,138,170,136,0.914473194409341,5
64,3bcc9249-8bf7-3622-b0ca-1c6b265733d2,0.0008889407100798,0.004080918789716,88.41752577319588,6405,default,1516.0,1358.0,490.0,E,normal,487,3070,0.01297099061187585,144,170,138,0.9043751733511044,5
75,87c193c4-466c-3452-a0a8-23fcdfa2ae74,0.0006907161045793,0.0041011505071812,81.27800546448087,4932,default,1605.0,1464.0,488.0,E,normal,478,3019,0.013240879625974755,152,164,125,0.8580622920896829,5
0,1f2c32d8-2d6e-3b68-bc46-789469f2b71e,0.0008122137266923,0.0040664334403289,85.64324324324325,5405,default,1460.0,1295.0,451.0,E,normal,447,2821,0.0141501389432289,126,164,121,0.8248734795695639,5
35,b0ae8d67-517b-3f2f-980c-0f5de0ac0a63,0.0006712919889772,0.0042354483993017,78.26421636615811,4546,default,1620.0,1442.0,478.0,E,normal,468,2875,0.013154523325829537,142,156,125,0.8189123010007987,5
9,387a01c7-2223-3524-9e01-a278db41748e,0.0007985063310334,0.0043786488740617,79.39202407825432,5056,default,1471.0,1329.0,462.0,E,normal,454,2912,0.014159154340617128,136,153,133,0.806281051991114,5
1,4c486414-d4f5-33f6-b485-24a8ed2925e8,6.324646128836197e-05,0.0022114659382986,16.166804782763112,519,default,9299.0,8447.0,302.0,E,normal,280,1270,0.016257040450588837,76,65,72,0.8012351179389178,5
1647,70b6a9dd-e4c6-36a0-908d-2311c277b5e8,,,0.0,3,datacenter,4.0,1.0,0.0,E,outlier,0,0,0.0,0,0,0,0.7950357919102747,1
1619,60a25ad0-add8-3976-bc51-a7ff6779d5dc,,,0.0,3,datacenter,2.0,1.0,0.0,E,outlier,0,0,0.0,0,0,0,0.7939739302664975,1
1556,8e8b99bb-7b6d-3437-9abc-1d884fe023d0,,,0.0,3,datacenter,2.0,1.0,0.0,E,outlier,0,0,0.0,0,0,0,0.7850016154155953,1
1567,bedfd600-80ef-3e95-8667-fa0d9a905d72,,,0.0,3,datacenter,4.0,1.0,0.0,E,outlier,0,0,0.0,0,0,0,0.7781564835853266,1
1695,44356d09-52e9-321e-9ec1-630e582bfe53,852.92925,0.5,2.0,102352,datacenter,2.0,1.0,1.0,F,outlier,1,1,0.0,1,1,1,0.7682199703605243,4
52,2b672707-7749-3533-834c-27589de3b94e,0.0005637082862411,0.0046497333095393,75.78211870773855,3412,default,1475.0,1331.0,469.0,E,normal,466,2703,0.01247404125709539,137,159,121,0.7678240135960138,5
43,24473b9e-130e-3e41-ad4b-012f6de894d1,0.0009786140452173,0.0052983731277383,83.56575212866603,5187,default,1166.0,1057.0,468.0,E,normal,466,2662,0.012284830864368452,141,144,118,0.7434266022228329,5
40,aa99f37a-888f-3c35-9e12-ee042ac2d241,0.0018160005379564,0.0057708060789084,102.36670838548186,8912,default,912.0,799.0,472.0,E,normal,467,2787,0.012806609625865032,129,137,119,0.7350094340968656,5
82,af93fcd6-199f-3797-a5f0-11dc1c641464,0.0011438437406467,0.0052101231584431,89.49305555555556,6192,default,1128.0,1008.0,470.0,E,normal,459,2718,0.012929189142906071,121,158,119,0.7207955364943849,5
5,45d84ed6-043b-39ba-9247-0e5c36c48889,0.0016601732773791,0.005821036956816,92.22222222222224,7359,default,897.0,801.0,430.0,E,normal,425,2520,0.013984461709211986,127,137,114,0.6997383907893089,5
50,430dde73-80cb-3e51-ae63-cbd6662db574,0.0006547140934909,0.004570806413509,74.77496159754224,3825,default,1449.0,1302.0,445.0,E,normal,440,2696,0.013957341064402568,121,142,114,0.6969259154153721,5
96,b54ef3d6-040a-3f6d-8946-c1e5cdd57a98,0.0008111798940645,0.0050134054101183,82.36445242369838,4466,default,1256.0,1114.0,460.0,E,normal,450,2614,0.012937391734719129,121,140,121,0.6953208182997592,5
1341,286cf539-f6df-3af7-a0d9-fd9c0149b5d5,0.007,0.5,2.0,1,default,2.0,1.0,1.0,E,outlier,0,0,0.0,0,0,0,0.6876952473126756,1
120,714227f9-5cc3-378a-ab8f-7817db5ae84b,7.21398403058236e-05,0.0021888584024416,17.078846913255234,562,default,8434.0,7597.0,284.0,E,normal,267,1289,0.018149305848891892,87,69,69,0.6632328399009896,5
211,8c80788a-c0d4-37c8-87f6-7c814763bb17,7.212255444813584e-05,0.0020671834625322,17.374294510005132,587,default,8657.0,7796.0,280.0,E,normal,265,1314,0.018782161234991424,78,63,74,0.6608798541738581,5
221,4ab6b86c-3c7f-35d6-9a57-c37483489428,6.542754438265439e-05,0.0024698544044425,16.79653851235302,500,default,8328.0,7569.0,314.0,E,normal,287,1291,0.015728174264759632,84,78,69,0.6603285455596258,5
118,e6690b94-ae31-3f12-a605-8f127d301fc6,0.0014051329702772,0.0050459309095613,91.71413160733547,7168,default,1049.0,927.0,429.0,E,normal,426,2590,0.014305440486053577,137,131,113,0.6565034261158518,5
164,4d9e8716-5bf7-3588-8819-22332cbc9621,0.0007118914888328,0.0024429215637538,30.120855614973262,6015,default,5512.0,4675.0,344.0,E,normal,319,1572,0.015496539894718164,97,80,74,0.6439413910257286,5
202,1282c1a6-3d6c-32a0-b759-f89804bb63cf,7.835574260159472e-05,0.0023678243626536,16.321043288269834,562,default,8034.0,7323.0,283.0,E,normal,265,1312,0.0187535734705546,93,84,73,0.6431129180542813,5
113,6cd9d528-f610-38c0-8abf-c0b0dfc93c61,0.0010156193721774,0.0062200426675532,82.02954545454546,4399,default,976.0,880.0,449.0,E,normal,445,2447,0.012384856766879239,118,132,109,0.6398009005295595,5
465,1b03c230-0c7e-3f46-b408-e0c66a184bbc,9.066235714396178e-05,0.0021109444349937,15.948452336909607,704,default,8874.0,8109.0,273.0,E,normal,249,1116,0.018072289156626505,76,63,63,0.639169935138047,5
184,b4177b89-59e1-323d-87c3-391f22b930f3,7.57015321608081e-05,0.0023148335505176,16.660059331175837,562,default,8189.0,7416.0,286.0,E,normal,265,1238,0.017695826186392222,82,70,76,0.6387319397229413,5
108,77733e8d-0dfe-30be-8abc-d5a290565272,0.0014914648953646,0.0063138347260909,93.21571238348868,6265,default,861.0,751.0,442.0,E,normal,436,2536,0.01337129600337446,126,131,114,0.6379994759989155,5
41,c79f3548-5612-31e1-849c-d07422a77a5c,6.623176296677165e-05,0.001936178417636,15.929357563347835,495,default,8598.0,7814.0,241.0,E,normal,225,1007,0.01998015873015873,62,60,56,0.6342677449138204,5
188,5fec83a8-02a3-3b24-8217-344d5667d5a7,8.38293394061729e-05,0.0025447268084812,15.94799834915394,584,default,8047.0,7269.0,295.0,E,normal,280,1310,0.016769073220686125,90,67,72,0.6328997015364309,5
30,a966db41-094d-3bd0-8b5a-b2a0efa33754,0.0024981281737647,0.0079320953334074,102.58174904942966,8088,default,604.0,526.0,428.0,E,normal,424,2271,0.01266225076943664,113,126,101,0.626046610319988,5
92,c2d4957c-1385-33ce-b47b-1c5a56b459ca,0.0007904060567347,0.0022647426032925,29.261682242990656,6534,default,5493.0,4708.0,312.0,E,normal,284,1465,0.018227741004329865,84,67,78,0.6231159091033585,5
70,9ace1862-8306-3df1-99f3-42c47eaa0b98,0.0016984406510069,0.0056806884994461,91.9242819843342,7176,default,867.0,766.0,400.0,E,normal,396,2367,0.015132336018411968,113,132,101,0.6164693446221262,5
172,8a989644-d121-315b-8206-deae986adcdd,0.0013581131426606,0.0060468848512638,81.91079812206573,5687,default,931.0,852.0,422.0,E,normal,416,2396,0.013878591288229842,122,130,110,0.6103957468691807,5
6,886654dc-3acf-3d11-9da7-2380dbe5b11d,0.0047980674746151,0.012119226989846,100.09836065573772,8790,default,342.0,305.0,370.0,E,normal,369,1809,0.01332184517497349,98,97,93,0.6023166928539272,5
307,c46667b4-230e-326e-91c4-ceb52e38a520,0.0007881859005905,0.0023991141732283,31.28409910993505,6151,default,5205.0,4157.0,312.0,E,normal,286,1498,0.01837811311495522,84,73,79,0.5983875552490774,5
215,dc964eb5-56ca-325c-bd31-fda6720d5874,6.526161473904414e-05,0.0022978281817507,16.72207684891888,476,default,7984.0,7261.0,279.0,E,normal,262,1136,0.01661255886051885,66,70,72,0.5963200177811169,5
559,2d21c74a-192f-3864-958f-1b04cfe78518,0.0008396656223064,0.0018948981406739,31.37626100021464,7365,default,5415.0,4659.0,277.0,E,normal,260,1431,0.021250371250371252,85,76,71,0.5843111805603952,5
453,53d442e0-764d-3e00-af9f-21920664b959,0.0008653463799812,0.0021373590479166,30.201158052755737,7312,default,5471.0,4663.0,301.0,E,normal,276,1380,0.01818181818181818,83,69,69,0.5825932517993326,5
137,5558267a-be79-3af7-b980-2c16cfda42d0,0.0014038182239154,0.0086720410869519,79.44648829431438,4002,default,676.0,598.0,412.0,E,normal,410,2104,0.012546961655435625,119,119,99,0.5795230888593541,5
289,2b78ce8a-f40e-3e62-82de-3f8264e2b777,6.087015635622025e-05,0.0025923408112395,16.007690075449798,403,default,7613.0,6892.0,286.0,E,normal,268,1122,0.015680026832131478,69,60,68,0.5746888990054919,5
132,f06fbc92-2a0e-3a73-9b74-90daae4334e3,0.0030679652407539,0.0082700138533226,99.25416666666666,8770,default,549.0,480.0,394.0,E,normal,391,2100,0.013771394845563643,106,121,91,0.5689953676229633,5
254,ac6e2c42-460a-30c1-ba92-a5fd2102dbca,0.0008931685283098,0.0026611576035575,30.317409766454357,6122,default,4615.0,3768.0,304.0,E,normal,280,1376,0.017613927291346646,83,70,73,0.5689272560159074,5
