v1,v2,v3,v4,v5,v6,v7,v8,v9,v10,v11,score_ts_vae,anomaly_vote_count,GERCEK_ETIKET_label
-7.91,-4.37,3.76,0.0,0.0,0.0,60.88,36.11,-12.82,-32.89,27.15,0.9999999999999999,1,0
-7.85,-4.4,3.74,0.0,0.01,0.0,60.88,36.11,-12.82,-32.85,27.17,0.9999656114074246,1,0
-7.91,-4.34,3.7,0.0,0.0,0.0,60.88,36.11,-12.82,-32.87,27.14,0.9999555913190664,1,0
-7.91,-4.37,3.76,0.0,0.0,0.0,60.88,36.11,-12.82,-32.9,27.16,0.9999265010030304,1,0
-7.85,-4.4,3.74,0.0,0.01,0.0,60.88,36.11,-12.82,-32.86,27.17,0.9998893187737345,1,0
-0.96,0.82,9.39,0.0,0.0,0.0,24.26,32.34,-64.66,-7.39,92.26,0.9998442031462346,1,0
-7.91,-4.34,3.7,0.0,0.0,0.0,60.88,36.11,-12.82,-32.88,27.14,0.9998278862893949,1,0
-0.95,0.88,9.41,0.0,0.0,0.0,24.26,32.34,-64.66,-7.39,92.26,0.9998204895997234,1,0
-1.64,0.62,9.36,0.0,0.0,0.0,26.6,37.18,-21.84,-10.51,89.25,0.9997578007179168,1,0
-1.64,0.63,9.39,0.0,0.0,0.0,26.42,38.44,-22.01,-10.51,89.25,0.9997539081793955,1,0
-1.64,0.62,9.38,0.0,0.0,0.0,26.6,37.18,-21.84,-10.51,89.25,0.9997518286249674,1,0
-1.64,0.62,9.36,0.0,0.0,0.0,26.6,37.18,-21.84,-10.51,89.25,0.9997513566476633,1,0
-1.63,0.63,9.36,0.0,0.0,0.0,26.42,38.44,-22.01,-10.51,89.25,0.9997497347990874,1,0
-0.95,0.88,9.41,0.0,0.0,0.0,24.26,32.34,-64.66,-7.39,92.26,0.9997494004393558,1,0
-1.64,0.63,9.38,0.0,0.0,0.0,26.42,38.44,-22.01,-10.51,89.25,0.9997471491178095,1,0
-1.64,0.63,9.39,0.0,0.0,0.0,26.42,38.44,-22.01,-10.51,89.25,0.9997460634680714,1,0
-1.64,0.65,9.39,0.0,0.0,0.0,25.16,38.26,-21.84,-11.63,89.45,0.999740637767854,1,0
-1.64,0.64,9.35,0.0,0.0,0.0,25.16,37.9,-21.15,-11.46,89.42,0.9997406265545703,1,0
-1.63,0.63,9.38,0.0,0.0,0.0,26.6,38.97,-22.19,-10.54,89.22,0.9997403926046972,1,0
-1.65,0.61,9.38,0.0,0.0,0.0,26.6,37.18,-21.84,-10.51,89.25,0.9997401392864249,1,0
-1.63,0.62,9.38,0.0,0.0,0.0,26.24,38.26,-21.84,-10.56,89.24,0.9997398054363881,1,0
-1.65,0.62,9.36,0.0,0.0,0.0,26.96,37.9,-21.84,-10.55,89.23,0.9997386718753469,1,0
-1.64,0.63,9.36,0.0,0.0,0.0,26.24,38.61,-21.49,-10.56,89.23,0.9997386418033588,1,0
-1.65,0.63,9.36,0.0,0.0,0.0,26.24,38.26,-21.84,-10.56,89.24,0.9997385184572384,1,0
-1.63,0.65,9.4,0.0,0.0,0.0,26.42,38.44,-22.01,-10.51,89.25,0.9997370602206651,1,0
-1.65,0.61,9.38,0.0,0.0,0.0,26.06,37.0,-19.59,-11.56,89.44,0.9997368104702559,1,0
-1.64,0.63,9.38,0.0,0.0,0.0,26.42,38.44,-22.01,-10.51,89.25,0.9997367870242991,1,0
-1.66,0.61,9.36,0.0,0.0,0.0,26.06,38.79,-22.01,-10.54,89.22,0.9997367523650587,1,0
-1.64,0.61,9.38,0.0,0.0,0.0,27.69,38.26,-21.15,-10.56,89.23,0.9997363497062356,1,0
-1.63,0.62,9.36,0.0,0.0,0.0,25.16,38.26,-21.84,-11.61,89.45,0.9997361330859826,1,0
-1.62,0.62,9.38,0.0,0.0,0.0,26.06,38.08,-21.67,-10.51,89.25,0.9997337976648087,1,0
-1.64,0.64,9.31,0.0,0.0,0.0,26.24,38.26,-21.84,-10.56,89.24,0.9997330091670881,1,0
-1.63,0.63,9.34,0.0,0.0,0.0,27.69,38.26,-21.15,-10.56,89.23,0.9997325596163514,1,0
-1.65,0.61,9.38,0.0,0.0,0.0,26.6,37.18,-21.84,-10.51,89.25,0.9997322487025767,1,0
-1.63,0.63,9.36,0.0,0.0,0.0,26.42,38.44,-22.01,-10.51,89.25,0.9997314739666133,1,0
-1.64,0.62,9.38,0.0,0.0,0.0,26.6,37.18,-21.84,-10.51,89.25,0.9997314107644689,1,0
-1.65,0.63,9.36,0.0,0.0,0.0,26.24,38.26,-21.84,-10.56,89.24,0.9997310804822951,1,0
-1.64,0.64,9.36,0.0,0.0,0.0,26.96,37.9,-21.84,-10.54,89.23,0.9997304357184834,1,0
-1.65,0.63,9.41,0.0,0.0,0.0,26.24,38.26,-21.84,-10.56,89.24,0.9997300896357735,1,0
-1.63,0.63,9.36,0.0,0.0,0.0,26.42,38.44,-22.01,-10.51,89.25,0.9997297715862726,1,0
-1.67,0.6,9.39,0.0,0.0,0.0,25.16,38.26,-21.84,-11.65,89.45,0.9997297466112317,1,0
-1.61,0.61,9.4,0.0,0.0,0.0,26.96,37.9,-21.84,-10.54,89.23,0.99972961663908,1,0
-1.62,0.62,9.4,0.0,0.0,0.0,26.06,38.08,-21.67,-10.51,89.25,0.9997292445619397,1,0
-1.63,0.62,9.36,0.0,0.0,0.0,25.16,38.26,-21.84,-11.62,89.45,0.9997286013272122,1,0
-1.65,0.62,9.41,0.0,0.0,0.0,26.78,38.08,-21.67,-10.56,89.24,0.9997280824579946,1,0
-1.64,0.61,9.35,0.0,0.0,0.0,26.96,37.9,-21.84,-10.54,89.23,0.9997276532950464,1,0
-1.64,0.63,9.36,0.0,0.0,0.0,25.7,38.44,-20.63,-10.56,89.25,0.9997276053837434,1,0
-1.66,0.6,9.39,0.0,0.0,0.0,25.16,38.26,-21.84,-11.59,89.44,0.9997270304481074,1,0
-1.64,0.63,9.4,0.0,0.0,0.0,25.34,38.79,-23.05,-10.55,89.24,0.9997269356448909,1,0
-1.64,0.64,9.35,0.0,0.0,0.0,25.16,37.9,-21.15,-11.46,89.42,0.999726800575792,1,0
-1.65,0.61,9.36,0.0,0.0,0.0,26.24,38.26,-21.84,-10.56,89.23,0.9997264621385027,1,0
-1.62,0.64,9.39,0.0,0.0,0.0,26.42,38.44,-22.01,-10.51,89.25,0.999726292919858,1,0
-1.63,0.63,9.4,0.0,0.0,0.0,26.6,37.54,-22.53,-10.56,89.25,0.9997262511248917,1,0
-1.65,0.62,9.36,0.0,0.0,0.0,26.96,37.9,-21.84,-10.55,89.23,0.9997261466374755,1,0
-1.62,0.64,9.39,0.0,0.0,0.0,26.42,38.44,-22.01,-10.51,89.25,0.9997259483662323,1,0
-0.96,0.82,9.39,0.0,0.0,0.0,24.26,32.34,-64.66,-7.39,92.26,0.9997257689536934,1,0
-1.62,0.62,9.38,0.0,0.0,0.0,26.06,38.08,-21.67,-10.51,89.25,0.9997257113581908,1,0
-1.64,0.63,9.36,0.0,0.0,0.0,26.24,38.61,-21.49,-10.56,89.23,0.9997255660951977,1,0
-1.64,0.63,9.35,0.0,0.0,0.0,26.6,37.54,-22.53,-10.56,89.25,0.999724743957626,1,0
-1.61,0.63,9.41,0.0,0.0,0.0,25.34,38.79,-23.05,-10.55,89.24,0.9997247220407534,1,0
-1.65,0.63,9.41,0.0,0.0,0.0,26.24,38.26,-21.84,-10.56,89.24,0.9997247174535009,1,0
-1.62,0.62,9.4,0.0,0.0,0.0,26.06,38.08,-21.67,-10.51,89.25,0.9997244253984305,1,0
-1.63,0.62,9.36,0.0,0.0,0.0,25.16,38.26,-21.84,-11.68,89.47,0.9997240426177012,1,0
-1.63,0.65,9.4,0.0,0.0,0.0,26.42,38.44,-22.01,-10.51,89.25,0.999724018152355,1,0
-7.83,-4.41,3.72,0.0,0.01,0.0,60.88,36.11,-12.82,-32.87,27.18,0.9997237933769867,1,0
-1.64,0.63,9.35,0.0,0.0,0.0,26.6,37.54,-22.53,-10.56,89.25,0.9997236430170464,1,0
-1.62,0.63,9.38,0.0,0.0,0.0,25.7,38.44,-20.63,-10.56,89.25,0.9997234799147383,1,0
-1.62,0.64,9.36,0.0,0.0,0.0,26.6,37.54,-22.53,-10.56,89.25,0.9997233173221249,1,0
-1.64,0.6,9.39,0.0,0.0,0.0,28.05,38.26,-21.49,-10.55,89.25,0.9997232429066969,1,0
-1.64,0.63,9.36,0.0,0.0,0.0,25.7,38.44,-20.63,-10.56,89.25,0.9997229172117754,1,0
-1.63,0.62,9.34,0.0,0.0,0.0,26.6,38.97,-22.19,-10.54,89.22,0.9997226975333543,1,0
-1.62,0.62,9.36,0.0,0.0,0.0,26.6,38.97,-21.84,-10.56,89.23,0.9997226460541883,1,0
-1.64,0.61,9.36,0.0,0.0,0.0,25.52,37.54,-21.49,-10.56,89.24,0.999722458486534,1,0
-1.64,0.64,9.4,0.0,0.0,0.0,26.06,38.79,-22.01,-10.54,89.22,0.9997221521600116,1,0
-1.63,0.61,9.36,0.0,0.0,0.0,26.06,37.0,-19.59,-11.49,89.42,0.9997218636728041,1,0
-1.63,0.62,9.36,0.0,0.0,0.0,25.7,38.44,-21.32,-10.54,89.23,0.9997218035288281,1,0
-1.63,0.62,9.36,0.0,0.0,0.0,25.7,38.44,-21.32,-10.54,89.23,0.9997212484712859,1,0
-1.62,0.64,9.36,0.0,0.0,0.0,26.6,37.54,-22.53,-10.56,89.25,0.9997205991202218,1,0
-1.63,0.61,9.42,0.0,0.0,0.0,26.78,38.08,-21.67,-10.56,89.24,0.9997202678186585,1,0
-1.64,0.62,9.4,0.0,0.0,0.0,25.88,39.69,-22.53,-10.55,89.24,0.9997199492594631,1,0
-1.63,0.64,9.36,0.0,0.0,0.0,26.06,37.72,-20.97,-10.54,89.22,0.9997199151099173,1,0
-1.63,0.62,9.36,0.0,0.0,0.0,25.52,38.61,-21.84,-10.58,89.25,0.9997198702567826,1,0
-1.66,0.61,9.36,0.0,0.0,0.0,26.06,38.79,-22.01,-10.54,89.22,0.9997198427332681,1,0
-1.64,0.64,9.39,0.0,0.0,0.0,25.52,37.54,-21.49,-10.56,89.24,0.9997198055255541,1,0
-1.62,0.64,9.36,0.0,0.0,0.0,26.06,37.0,-19.59,-11.47,89.42,0.9997196383456882,1,0
-1.64,0.61,9.38,0.0,0.0,0.0,27.14,37.72,-21.67,-10.54,89.25,0.9997195226449885,1,0
-1.63,0.6,9.36,0.0,0.0,0.0,26.06,38.79,-22.01,-10.54,89.22,0.9997193743238271,1,0
-1.64,0.63,9.38,0.0,0.0,0.0,26.06,37.0,-19.59,-11.53,89.43,0.999718920185838,1,0
-1.63,0.62,9.38,0.0,0.0,0.0,26.24,38.26,-21.84,-10.56,89.24,0.9997188921526288,1,0
-1.65,0.62,9.35,0.0,0.0,0.0,26.6,38.97,-21.84,-10.56,89.23,0.9997186240532099,1,0
-1.64,0.61,9.39,0.0,0.0,0.0,25.52,37.54,-21.49,-10.56,89.24,0.9997183146685192,1,0
-1.61,0.61,9.4,0.0,0.0,0.0,26.96,37.9,-21.84,-10.54,89.23,0.9997181811285045,1,0
-1.63,0.61,9.38,0.0,0.0,0.0,26.42,39.51,-22.01,-10.53,89.22,0.9997180159874176,1,0
-1.64,0.63,9.36,0.0,0.0,0.0,26.78,38.08,-21.67,-10.56,89.25,0.9997179099709173,1,0
-1.64,0.63,9.36,0.0,0.0,0.0,26.06,38.44,-22.01,-10.55,89.24,0.9997177591012824,1,0
-1.66,0.62,9.36,0.0,0.0,0.0,26.24,38.61,-22.19,-10.54,89.21,0.9997177060930322,1,0
-1.63,0.63,9.4,0.0,0.0,0.0,26.6,37.54,-22.53,-10.56,89.25,0.9997176214837099,1,0
-1.63,0.62,9.41,0.0,0.0,0.0,26.6,38.97,-22.19,-10.54,89.22,0.999717257561685,1,0
-1.61,0.63,9.41,0.0,0.0,0.0,25.34,38.79,-23.05,-10.55,89.24,0.9997170715231148,1,0
-1.65,0.61,9.36,0.0,0.0,0.0,26.24,38.26,-21.84,-10.56,89.23,0.9997170613292206,1,0
-1.64,0.65,9.36,0.0,0.0,0.0,25.88,39.69,-22.53,-10.55,89.24,0.9997169481769943,1,0
-1.62,0.62,9.4,0.0,0.0,0.0,26.6,38.97,-22.19,-10.54,89.22,0.9997169293182899,1,0
-1.63,0.65,9.39,0.0,0.0,0.0,26.6,38.97,-21.84,-10.57,89.23,0.9997167876231599,1,0
-1.66,0.64,9.36,0.0,0.0,0.0,26.06,37.0,-19.59,-11.51,89.43,0.9997167152465106,1,0
-1.65,0.63,9.38,0.0,0.0,0.0,26.06,37.72,-20.97,-10.54,89.22,0.9997166260499358,1,0
-1.62,0.63,9.38,0.0,0.0,0.0,25.7,38.44,-20.63,-10.56,89.25,0.9997165842549695,1,0
-1.63,0.63,9.38,0.0,0.0,0.0,26.6,38.97,-22.19,-10.54,89.22,0.9997164344047239,1,0
-1.66,0.63,9.34,0.0,0.0,0.0,26.6,38.97,-21.84,-10.56,89.23,0.9997163640668535,1,0
-1.66,0.63,9.34,0.0,0.0,0.0,26.6,38.97,-21.84,-10.57,89.23,0.999716034804069,1,0
-1.65,0.62,9.36,0.0,0.0,0.0,28.05,38.26,-21.49,-10.56,89.25,0.9997159823055136,1,0
-1.62,0.64,9.36,0.0,0.0,0.0,25.7,38.44,-21.32,-10.54,89.23,0.9997157218515155,1,0
-1.64,0.61,9.39,0.0,0.0,0.0,25.16,37.9,-21.15,-11.44,89.41,0.9997157050315899,1,0
-1.64,0.6,9.39,0.0,0.0,0.0,28.05,38.26,-21.49,-10.55,89.25,0.999715642848835,1,0
-1.64,0.64,9.39,0.0,0.0,0.0,26.06,38.44,-22.01,-10.55,89.24,0.9997153757688054,1,0
-1.63,0.62,9.36,0.0,0.0,0.0,25.16,38.26,-21.84,-11.67,89.46,0.9997153655749113,1,0
-1.64,0.63,9.36,0.0,0.0,0.0,26.6,38.26,-21.15,-10.58,89.25,0.9997151209214491,1,0
-1.64,0.61,9.35,0.0,0.0,0.0,26.96,37.9,-21.84,-10.54,89.22,0.9997149297859318,1,0
-1.58,0.63,9.38,0.0,0.0,0.0,26.42,39.51,-20.28,-11.74,89.48,0.9997148436475254,1,0
-1.65,0.63,9.35,0.0,0.0,0.0,26.06,39.51,-21.32,-10.55,89.25,0.9997146127558204,1,0
-1.63,0.61,9.39,0.0,0.0,0.0,26.06,37.72,-20.97,-10.54,89.22,0.9997144863515317,1,0
-1.64,0.63,9.34,0.0,0.0,0.0,26.06,37.72,-20.97,-10.54,89.22,0.9997143997034306,1,0
-1.63,0.63,9.36,0.0,0.0,0.0,26.42,38.44,-22.01,-10.51,89.25,0.9997143696314424,1,0
-1.63,0.6,9.38,0.0,0.0,0.0,26.24,38.26,-21.84,-10.56,89.24,0.9997143497533487,1,0
-1.63,0.63,9.38,0.0,0.0,0.0,25.52,38.61,-21.84,-10.58,89.25,0.9997142773766995,1,0
-1.63,0.63,9.36,0.0,0.0,0.0,26.42,38.08,-21.32,-10.56,89.23,0.9997142009224925,1,0
-1.63,0.63,9.38,0.0,0.0,0.0,26.42,38.44,-21.67,-10.55,89.24,0.9997140673824778,1,0
-1.63,0.64,9.36,0.0,0.0,0.0,26.06,37.72,-20.97,-10.54,89.22,0.9997137391390828,1,0
-1.64,0.63,9.36,0.0,0.0,0.0,27.69,37.9,-20.45,-10.54,89.25,0.9997135785852482,1,0
-1.64,0.63,9.39,0.0,0.0,0.0,26.6,38.61,-21.49,-10.53,89.22,0.9997131076273337,1,0
-1.64,0.62,9.34,0.0,0.0,0.0,26.96,37.9,-21.84,-10.54,89.22,0.9997130169016748,1,0
-1.63,0.6,9.36,0.0,0.0,0.0,26.06,38.79,-22.01,-10.54,89.22,0.9997128471733354,1,0
-1.63,0.62,9.38,0.0,0.0,0.0,27.14,37.72,-21.67,-10.54,89.25,0.9997122166809758,1,0
-1.64,0.63,9.36,0.0,0.0,0.0,25.34,38.79,-21.32,-10.69,89.28,0.9997119827311026,1,0
-1.62,0.63,9.38,0.0,0.0,0.0,26.78,38.08,-21.67,-10.56,89.25,0.999711967949956,1,0
-1.62,0.63,9.36,0.0,0.0,0.0,25.7,38.44,-21.32,-10.54,89.22,0.9997119108641481,1,0
-1.64,0.63,9.36,0.0,0.0,0.0,26.06,38.44,-22.01,-10.55,89.24,0.9997118991411698,1,0
-1.64,0.61,9.38,0.0,0.0,0.0,27.69,38.26,-21.15,-10.56,89.23,0.9997118700885711,1,0
-1.63,0.62,9.38,0.0,0.0,0.0,26.6,38.26,-21.84,-10.54,89.22,0.9997118655013186,1,0
-1.64,0.61,9.36,0.0,0.0,0.0,26.6,38.97,-21.84,-10.56,89.23,0.9997117370582511,1,0
-1.64,0.62,9.36,0.0,0.0,0.0,25.7,37.72,-22.36,-10.55,89.25,0.999711680482138,1,0
-1.63,0.61,9.42,0.0,0.0,0.0,26.78,38.08,-21.67,-10.56,89.24,0.9997114878175365,1,0
-1.62,0.63,9.34,0.0,0.0,0.0,26.42,39.15,-20.97,-10.54,89.25,0.9997113180891972,1,0
-1.64,0.62,9.4,0.0,0.0,0.0,26.6,38.26,-21.84,-10.54,89.22,0.9997112941335456,1,0
-1.64,0.61,9.38,0.0,0.0,0.0,26.42,38.79,-21.32,-10.53,89.21,0.9997112620227788,1,0
-1.63,0.62,9.38,0.0,0.0,0.0,27.14,37.72,-21.67,-10.54,89.25,0.9997111254245957,1,0
-1.63,0.63,9.36,0.0,0.0,0.0,26.24,38.97,-21.15,-10.56,89.24,0.9997111182888698,1,0
-1.66,0.62,9.36,0.0,0.0,0.0,26.24,38.61,-22.19,-10.54,89.21,0.9997110810811557,1,0
-1.62,0.64,9.36,0.0,0.0,0.0,26.06,37.0,-19.59,-11.48,89.42,0.9997110321504633,1,0
-1.64,0.64,9.36,0.0,0.0,0.0,26.96,37.9,-21.84,-10.54,89.23,0.9997109128819005,1,0
-1.64,0.62,9.36,0.0,0.0,0.0,26.24,38.61,-21.49,-10.56,89.23,0.9997106131814094,1,0
-1.63,0.62,9.38,0.0,0.0,0.0,27.69,38.26,-21.15,-10.56,89.23,0.9997102548660264,1,0
-1.64,0.62,9.4,0.0,0.0,0.0,26.6,38.26,-21.84,-10.54,89.22,0.9997101977802185,1,0
-1.63,0.63,9.34,0.0,0.0,0.0,27.69,38.26,-21.15,-10.56,89.23,0.9997101493592209,1,0
-1.64,0.62,9.38,0.0,0.0,0.0,27.51,38.44,-20.28,-10.54,89.22,0.9997101335586848,1,0
-1.63,0.61,9.36,0.0,0.0,0.0,26.06,37.0,-19.59,-11.5,89.42,0.999710099409139,1,0
-1.63,0.6,9.36,0.0,0.0,0.0,26.6,38.26,-20.8,-10.54,89.22,0.999710081569824,1,0
-1.63,0.63,9.38,0.0,0.0,0.0,26.24,37.54,-20.8,-10.55,89.24,0.9997099556752299,1,0
-1.64,0.62,9.36,0.0,0.0,0.0,25.52,37.54,-21.49,-10.56,89.24,0.9997095932822891,1,0
-1.64,0.62,9.38,0.0,0.0,0.0,26.6,38.97,-21.49,-10.52,89.22,0.9997095570939646,1,0
-1.64,0.62,9.38,0.0,0.0,0.0,27.51,38.44,-20.28,-10.54,89.22,0.9997095550551858,1,0
-1.7,0.67,9.36,0.0,0.0,0.0,26.24,38.97,-21.15,-10.54,89.22,0.9997095382352602,1,0
-1.64,0.62,9.34,0.0,0.0,0.0,26.24,37.54,-20.8,-10.55,89.24,0.9997094041855508,1,0
-1.66,0.6,9.39,0.0,0.0,0.0,25.16,38.26,-21.84,-11.6,89.44,0.999709222734233,1,0
-1.62,0.64,9.36,0.0,0.0,0.0,25.7,38.44,-21.32,-10.54,89.22,0.9997090942911654,1,0
-1.64,0.63,9.33,0.0,0.0,0.0,28.05,38.26,-21.49,-10.55,89.25,0.9997090672773457,1,0
-1.64,0.62,9.34,0.0,0.0,0.0,25.88,37.18,-20.11,-10.54,89.22,0.9997089745129079,1,0
-1.67,0.57,9.32,0.0,0.0,0.0,26.42,39.51,-20.28,-11.8,89.49,0.9997088389341143,1,0
-1.64,0.63,9.41,0.0,0.0,0.0,28.05,38.26,-21.49,-10.55,89.25,0.9997085927515681,1,0
-1.62,0.64,9.36,0.0,0.0,0.0,26.42,38.08,-20.97,-10.54,89.25,0.9997084882641519,1,0
-1.65,0.63,9.36,0.0,0.0,0.0,26.24,40.04,-21.84,-10.56,89.24,0.9997081895830503,1,0
-1.64,0.63,9.38,0.0,0.0,0.0,26.6,39.33,-21.15,-10.55,89.25,0.9997081778600718,1,0
-1.66,0.64,9.36,0.0,0.0,0.0,26.06,37.0,-19.59,-11.52,89.43,0.9997081533947256,1,0
-1.63,0.61,9.35,0.0,0.0,0.0,26.06,38.79,-21.32,-10.55,89.24,0.9997080030347854,1,0
-1.64,0.64,9.36,0.0,0.0,0.0,25.34,38.79,-23.05,-10.55,89.24,0.9997079459489776,1,0
-1.64,0.63,9.4,0.0,0.0,0.0,25.34,38.79,-23.05,-10.55,89.24,0.9997079357550833,1,0
-1.64,0.62,9.34,0.0,0.0,0.0,26.24,38.97,-21.49,-10.54,89.25,0.9997078684753812,1,0
-1.64,0.61,9.38,0.0,0.0,0.0,26.6,38.26,-21.84,-10.54,89.22,0.9997077502262078,1,0
-1.64,0.63,9.33,0.0,0.0,0.0,28.05,38.26,-21.49,-10.56,89.25,0.9997077415613977,1,0
-1.64,0.65,9.39,0.0,0.0,0.0,25.16,38.26,-21.84,-11.64,89.45,0.9997077130184938,1,0
-1.63,0.62,9.41,0.0,0.0,0.0,26.6,38.97,-22.19,-10.54,89.22,0.9997076447194023,1,0
-1.64,0.63,9.41,0.0,0.0,0.0,26.24,38.26,-21.84,-10.53,89.24,0.9997075402319862,1,0
-1.63,0.64,9.38,0.0,0.0,0.0,28.05,38.26,-21.49,-10.55,89.25,0.9997074770298419,1,0
-1.62,0.64,9.36,0.0,0.0,0.0,26.6,38.61,-21.49,-10.53,89.22,0.9997074331960966,1,0
-1.63,0.62,9.36,0.0,0.0,0.0,25.7,37.72,-22.36,-10.55,89.24,0.9997073801878464,1,0
-1.62,0.61,9.36,0.0,0.0,0.0,26.6,38.97,-21.49,-10.52,89.22,0.9997073113790602,1,0
-1.64,0.62,9.39,0.0,0.0,0.0,25.7,37.72,-20.63,-10.54,89.22,0.999707309849976,1,0
-1.62,0.63,9.39,0.0,0.0,0.0,26.42,38.44,-21.67,-10.55,89.24,0.9997071758002666,1,0
-1.65,0.63,9.38,0.0,0.0,0.0,26.42,39.51,-20.28,-11.73,89.48,0.999707173251793,1,0
-1.62,0.63,9.38,0.0,0.0,0.0,26.78,38.08,-21.67,-10.56,89.25,0.9997069413406987,1,0
-1.65,0.62,9.35,0.0,0.0,0.0,26.6,38.97,-21.84,-10.56,89.23,0.9997068251303042,1,0
-1.64,0.64,9.36,0.0,0.0,0.0,25.52,38.61,-21.84,-10.58,89.25,0.9997068246206094,1,0
-1.64,0.61,9.39,0.0,0.0,0.0,25.16,37.9,-21.15,-11.45,89.41,0.9997066599892173,1,0
-1.64,0.63,9.36,0.0,0.0,0.0,26.78,38.08,-21.67,-10.56,89.25,0.9997065172746977,1,0
-1.61,0.62,9.34,0.0,0.0,0.0,26.06,37.72,-20.97,-10.54,89.22,0.9997065142165295,1,0
-1.62,0.63,9.36,0.0,0.0,0.0,26.06,38.79,-21.32,-10.55,89.24,0.9997065106486664,1,0
-1.63,0.63,9.38,0.0,0.0,0.0,25.52,38.61,-21.84,-10.58,89.25,0.9997064606985846,1,0
-1.63,0.63,9.4,0.0,0.0,0.0,26.42,38.44,-21.67,-10.55,89.24,0.9997064285878177,1,0
-1.62,0.62,9.4,0.0,0.0,0.0,26.6,38.97,-22.19,-10.54,89.22,0.9997064015739979,1,0
-1.63,0.62,9.36,0.0,0.0,0.0,25.52,38.61,-21.84,-10.58,89.25,0.9997063715020098,1,0
-1.65,0.62,9.41,0.0,0.0,0.0,26.78,38.08,-21.67,-10.56,89.24,0.9997060585494562,1,0
-1.63,0.62,9.39,0.0,0.0,0.0,26.96,37.9,-21.84,-10.54,89.22,0.999705938261504,1,0
-1.63,0.62,9.38,0.0,0.0,0.0,26.24,38.61,-22.19,-10.54,89.21,0.9997058026827104,1,0
-1.62,0.62,9.34,0.0,0.0,0.0,25.52,37.54,-21.49,-10.56,89.24,0.9997057771979747,1,0
-1.64,0.62,9.36,0.0,0.0,0.0,26.6,38.97,-22.19,-10.54,89.22,0.9997055977854359,1,0
-1.63,0.62,9.41,0.0,0.0,0.0,26.42,38.44,-21.67,-10.55,89.24,0.9997053674034257,1,0
-1.63,0.63,9.36,0.0,0.0,0.0,26.6,39.33,-21.15,-10.54,89.25,0.9997053485447214,1,0
-1.65,0.66,9.38,0.0,0.0,0.0,25.52,38.61,-21.84,-10.58,89.25,0.9997052328440216,1,0
-1.63,0.63,9.38,0.0,0.0,0.0,26.6,38.61,-21.49,-10.53,89.22,0.9997052262179903,1,0
-1.64,0.61,9.36,0.0,0.0,0.0,26.6,38.97,-21.84,-10.56,89.23,0.9997051803454661,1,0
-1.62,0.62,9.38,0.0,0.0,0.0,25.7,37.72,-22.36,-10.55,89.24,0.9997051630158459,1,0
-1.64,0.63,9.35,0.0,0.0,0.0,26.24,38.61,-22.19,-10.54,89.21,0.9997049627058238,1,0
-1.64,0.62,9.36,0.0,0.0,0.0,25.52,37.54,-21.49,-10.56,89.24,0.9997049560797925,1,0
-1.64,0.63,9.38,0.0,0.0,0.0,26.06,37.0,-19.59,-11.54,89.43,0.9997049362016986,1,0
-1.61,0.62,9.36,0.0,0.0,0.0,28.05,38.26,-21.49,-10.56,89.25,0.9997048755480279,1,0
-1.62,0.62,9.36,0.0,0.0,0.0,27.14,37.72,-21.67,-10.54,89.25,0.9997048250882513,1,0
-1.62,0.63,9.34,0.0,0.0,0.0,26.42,39.15,-20.97,-10.54,89.25,0.9997046237588397,1,0
-1.64,0.62,9.38,0.0,0.0,0.0,26.78,38.08,-21.67,-10.56,89.25,0.999704593177157,1,0
-1.63,0.63,9.39,0.0,0.0,0.0,26.24,39.69,-21.49,-10.54,89.22,0.9997045906286834,1,0
-1.62,0.64,9.36,0.0,0.0,0.0,26.6,38.61,-21.49,-10.53,89.22,0.9997045707505896,1,0
-1.62,0.61,9.39,0.0,0.0,0.0,26.42,38.79,-21.32,-10.53,89.21,0.999704412235534,1,0
-1.63,0.64,9.36,0.0,0.0,0.0,27.69,38.26,-21.15,-10.56,89.23,0.9997042873603293,1,0
-1.63,0.63,9.39,0.0,0.0,0.0,26.06,37.72,-20.97,-10.54,89.22,0.9997042715597932,1,0
-1.64,0.65,9.36,0.0,0.0,0.0,27.32,38.97,-20.8,-10.56,89.24,0.999704239958721,1,0
-1.64,0.63,9.36,0.0,0.0,0.0,26.6,38.26,-21.84,-10.54,89.22,0.9997041262968002,1,0
-1.62,0.61,9.38,0.0,0.0,0.0,26.96,37.9,-20.8,-10.54,89.25,0.9997040651334346,1,0
-1.64,0.63,9.41,0.0,0.0,0.0,26.24,38.26,-21.84,-10.53,89.24,0.9997040381196148,1,0
-1.62,0.65,9.36,0.0,0.0,0.0,26.06,37.0,-19.59,-11.57,89.44,0.9997040039700691,1,0
-1.62,0.62,9.38,0.0,0.0,0.0,25.7,37.72,-22.36,-10.55,89.25,0.999703922418915,1,0
-1.63,0.6,9.38,0.0,0.0,0.0,26.24,38.61,-22.19,-10.54,89.21,0.9997038948954006,1,0
-1.63,0.61,9.4,0.0,0.0,0.0,26.6,38.26,-21.15,-10.58,89.25,0.999703800092184,1,0
-1.64,0.62,9.34,0.0,0.0,0.0,26.24,37.54,-20.8,-10.55,89.24,0.9997037348512607,1,0
-1.62,0.62,9.4,0.0,0.0,0.0,26.06,38.08,-21.67,-10.51,89.25,0.999703656358275,1,0
-1.63,0.6,9.38,0.0,0.0,0.0,26.24,38.26,-21.84,-10.56,89.24,0.9997035539096377,1,0
-1.64,0.64,9.41,0.0,0.0,0.0,26.6,38.26,-21.15,-10.58,89.25,0.9997033821425195,1,0
-1.63,0.62,9.38,0.0,0.0,0.0,26.6,38.26,-21.84,-10.54,89.22,0.9997033806134353,1,0
-1.64,0.62,9.34,0.0,0.0,0.0,26.06,38.08,-20.97,-10.55,89.22,0.9997033143531227,1,0
-1.65,0.62,9.36,0.0,0.0,0.0,24.62,37.72,-22.01,-10.55,89.24,0.9997032975331972,1,0
-1.6,0.63,9.36,0.0,0.0,0.0,26.24,38.26,-21.49,-10.56,89.24,0.9997032954944183,1,0
-1.63,0.63,9.38,0.0,0.0,0.0,26.24,37.54,-20.8,-10.55,89.24,0.9997030095556845,1,0
-1.64,0.61,9.36,0.0,0.0,0.0,26.24,37.54,-20.8,-10.55,89.24,0.9997029596056026,1,0
-1.63,0.61,9.36,0.0,0.0,0.0,25.52,37.54,-21.49,-10.56,89.24,0.9997029198494151,1,0
-1.66,0.63,9.36,0.0,0.0,0.0,25.16,37.9,-21.15,-11.4,89.4,0.9997028627636072,1,0
-1.63,0.62,9.39,0.0,0.0,0.0,27.14,37.72,-21.67,-10.54,89.25,0.999702827594672,1,0
-1.63,0.61,9.35,0.0,0.0,0.0,26.06,38.79,-21.32,-10.55,89.24,0.9997027852900109,1,0
-1.64,0.63,9.36,0.0,0.0,0.0,26.6,37.9,-21.15,-10.54,89.24,0.9997027307526766,1,0
-1.62,0.63,9.36,0.0,0.0,0.0,26.24,38.26,-21.49,-10.55,89.25,0.9997027144424457,1,0
-1.64,0.61,9.38,0.0,0.0,0.0,26.6,38.61,-21.49,-10.53,89.21,0.9997026481821332,1,0
-1.64,0.63,9.38,0.0,0.0,0.0,26.24,39.69,-21.49,-10.54,89.22,0.999702513622729,1,0
-1.65,0.63,9.35,0.0,0.0,0.0,26.6,38.97,-21.49,-10.53,89.22,0.9997024376782168,1,0
-1.65,0.62,9.39,0.0,0.0,0.0,25.7,38.44,-20.63,-10.56,89.25,0.9997023805924089,1,0
-1.64,0.61,9.36,0.0,0.0,0.0,24.98,38.44,-22.01,-10.56,89.22,0.9997023398168319,1,0
-1.63,0.62,9.42,0.0,0.0,0.0,27.69,38.26,-21.15,-10.56,89.23,0.9997022704983509,1,0
-1.63,0.61,9.38,0.0,0.0,0.0,26.42,39.51,-22.01,-10.53,89.22,0.9997021649915454,1,0
-1.63,0.62,9.36,0.0,0.0,0.0,26.6,37.54,-22.53,-10.56,89.26,0.999702116060853,1,0
-1.63,0.64,9.36,0.0,0.0,0.0,27.69,38.26,-21.15,-10.56,89.23,0.9997020742658865,1,0
-1.62,0.63,9.34,0.0,0.0,0.0,26.42,39.51,-22.01,-10.53,89.22,0.999702027373973,1,0
-1.64,0.6,9.36,0.0,0.0,0.0,24.98,37.36,-20.97,-10.54,89.22,0.9997020146316051,1,0
-1.69,0.66,9.32,0.0,0.0,0.0,26.24,38.97,-21.15,-10.56,89.22,0.9997019932244272,1,0
-1.63,0.63,9.39,0.0,0.0,0.0,26.06,37.72,-20.97,-10.54,89.22,0.9997019733463334,1,0
-1.63,0.61,9.36,0.0,0.0,0.0,25.52,37.54,-21.49,-10.56,89.24,0.9997016660004217,1,0
-1.64,0.62,9.36,0.0,0.0,0.0,25.34,38.79,-23.05,-10.55,89.24,0.9997016221666764,1,0
-1.65,0.62,9.36,0.0,0.0,0.0,25.88,38.61,-20.45,-10.56,89.23,0.9997014646710101,1,0
-1.63,0.63,9.36,0.0,0.0,0.0,25.88,38.97,-21.49,-10.55,89.24,0.9997014605934524,1,0
-1.64,0.64,9.31,0.0,0.0,0.0,26.24,38.26,-21.84,-10.56,89.24,0.9997014417347481,1,0
-1.64,0.64,9.41,0.0,0.0,0.0,26.6,38.26,-21.15,-10.58,89.25,0.9997012577349567,1,0
-1.64,0.63,9.36,0.0,0.0,0.0,25.34,38.79,-23.05,-10.55,89.24,0.9997012495798413,1,0
-1.64,0.63,9.38,0.0,0.0,0.0,26.6,39.33,-21.15,-10.55,89.25,0.9997011807710551,1,0
-1.62,0.62,9.34,0.0,0.0,0.0,25.52,37.54,-21.49,-10.56,89.24,0.9997011389760886,1,0
-1.63,0.63,9.39,0.0,0.0,0.0,25.88,39.69,-21.15,-10.54,89.22,0.9997010681285236,1,0
-1.64,0.63,9.39,0.0,0.0,0.0,25.16,37.9,-21.15,-11.39,89.4,0.9997010436631774,1,0
-1.63,0.63,9.38,0.0,0.0,0.0,26.06,37.72,-20.28,-10.52,89.22,0.9997010278626413,1,0
-1.62,0.64,9.39,0.0,0.0,0.0,26.24,40.04,-21.84,-10.56,89.24,0.999700989125843,1,0
-1.64,0.63,9.36,0.0,0.0,0.0,25.34,38.79,-21.32,-10.7,89.28,0.9997009865773695,1,0
-1.62,0.62,9.36,0.0,0.0,0.0,26.6,38.97,-21.84,-10.56,89.23,0.9997009600732445,1,0
-1.63,0.61,9.4,0.0,0.0,0.0,26.6,38.26,-21.15,-10.58,89.25,0.9997008071648307,1,0
-1.63,0.63,9.34,0.0,0.0,0.0,24.98,38.44,-22.01,-10.56,89.23,0.9997007939127681,1,0
-1.64,0.65,9.36,0.0,0.0,0.0,25.88,39.69,-22.53,-10.55,89.24,0.9997006037966403,1,0
-1.63,0.63,9.39,0.0,0.0,0.0,26.6,39.33,-21.49,-10.55,89.25,0.9997005625113685,1,0
-1.61,0.62,9.36,0.0,0.0,0.0,26.6,38.26,-20.45,-10.54,89.24,0.9997005553756425,1,0
-1.66,0.62,9.36,0.0,0.0,0.0,26.78,39.15,-20.63,-10.53,89.21,0.9997005523174742,1,0
-1.62,0.62,9.36,0.0,0.0,0.0,26.6,38.26,-21.84,-10.54,89.22,0.999700522755181,1,0
-1.62,0.62,9.35,0.0,0.0,0.0,25.16,38.26,-21.84,-11.69,89.47,0.9997005202067073,1,0
-1.64,0.64,9.36,0.0,0.0,0.0,25.34,38.79,-23.05,-10.55,89.24,0.9997005176582338,1,0
-1.65,0.62,9.36,0.0,0.0,0.0,24.62,37.72,-22.01,-10.54,89.24,0.9997003810600508,1,0
-1.64,0.6,9.38,0.0,0.0,0.0,26.06,38.08,-21.67,-10.51,89.25,0.9997003163288223,1,0
-1.65,0.62,9.36,0.0,0.0,0.0,26.78,39.15,-20.63,-10.53,89.21,0.9997003147997381,1,0
-1.62,0.63,9.36,0.0,0.0,0.0,26.24,38.26,-21.49,-10.55,89.25,0.9997002740241611,1,0
-1.65,0.63,9.39,0.0,0.0,0.0,24.98,37.36,-20.97,-10.54,89.22,0.9997002694369087,1,0
-1.62,0.63,9.36,0.0,0.0,0.0,26.06,38.79,-21.32,-10.55,89.24,0.9997000023568792,1,0
-1.64,0.61,9.36,0.0,0.0,0.0,24.62,37.72,-22.01,-10.57,89.24,0.9996999350771771,1,0
-1.64,0.61,9.38,0.0,0.0,0.0,26.6,38.61,-21.49,-10.53,89.21,0.9996999070439679,1,0
-1.63,0.63,9.36,0.0,0.0,0.0,26.42,38.08,-21.32,-10.56,89.23,0.9996995930720248,1,0
-1.63,0.61,9.36,0.0,0.0,0.0,25.7,38.79,-22.01,-10.54,89.22,0.9996995410831642,1,0
-1.63,0.61,9.38,0.0,0.0,0.0,27.87,39.15,-21.32,-10.55,89.24,0.9996994656483467,1,0
-1.65,0.62,9.36,0.0,0.0,0.0,28.05,38.26,-21.49,-10.56,89.25,0.9996994162079595,1,0
-1.64,0.62,9.34,0.0,0.0,0.0,26.24,38.97,-21.49,-10.54,89.25,0.9996993948007815,1,0
-1.64,0.61,9.36,0.0,0.0,0.0,25.52,37.54,-21.49,-10.56,89.24,0.9996992943909232,1,0
-1.64,0.63,9.36,0.0,0.0,0.0,26.6,37.9,-21.15,-10.54,89.24,0.999699259221988,1,0
-1.65,0.6,9.36,0.0,0.0,0.0,26.06,38.79,-21.32,-10.53,89.22,0.9996992576929038,1,0
-1.63,0.62,9.34,0.0,0.0,0.0,26.6,37.9,-21.15,-10.54,89.24,0.999699252086262,1,0
-1.64,0.63,9.36,0.0,0.0,0.0,25.7,39.86,-21.67,-10.54,89.25,0.9996992021361801,1,0
-1.64,0.64,9.36,0.0,0.0,0.0,26.6,39.69,-21.15,-10.55,89.25,0.9996991312886151,1,0
-1.66,0.64,9.33,0.0,0.0,0.0,26.42,38.08,-20.97,-10.7,89.28,0.9996990048843263,1,0
-1.64,0.63,9.36,0.0,0.0,0.0,25.34,38.79,-23.05,-10.55,89.24,0.9996989243525617,1,0
-1.63,0.62,9.36,0.0,0.0,0.0,24.98,37.36,-20.97,-10.54,89.22,0.9996989085520256,1,0
-1.64,0.63,9.38,0.0,0.0,0.0,26.24,38.26,-21.49,-10.55,89.25,0.9996987709344531,1,0
-1.63,0.62,9.39,0.0,0.0,0.0,26.06,39.51,-21.32,-10.55,89.25,0.9996987648181166,1,0
-1.64,0.61,9.36,0.0,0.0,0.0,24.8,38.61,-21.49,-10.54,89.22,0.9996986287296283,1,0
-1.64,0.63,9.36,0.0,0.0,0.0,26.78,38.08,-21.67,-10.56,89.24,0.999698607832145,1,0
-1.62,0.64,9.38,0.0,0.0,0.0,26.42,38.08,-20.97,-10.54,89.25,0.9996985915219143,1,0
-1.62,0.64,9.36,0.0,0.0,0.0,26.6,39.33,-21.49,-10.55,89.24,0.9996985864249671,1,0
-1.63,0.61,9.36,0.0,0.0,0.0,27.51,38.44,-20.28,-10.54,89.22,0.9996985099707603,1,0
-1.65,0.62,9.38,0.0,0.0,0.0,26.78,38.79,-21.32,-10.54,89.22,0.9996984284196062,1,0
-1.64,0.63,9.39,0.0,0.0,0.0,26.24,38.61,-21.49,-10.56,89.23,0.9996983927409763,1,0
-1.61,0.62,9.36,0.0,0.0,0.0,28.05,38.26,-21.49,-10.55,89.25,0.9996983789792191,1,0
-1.63,0.62,9.38,0.0,0.0,0.0,27.69,38.26,-21.15,-10.56,89.23,0.9996983534944834,1,0
-1.64,0.63,9.36,0.0,0.0,0.0,26.78,38.79,-21.32,-10.54,89.22,0.9996982439101202,1,0
-1.63,0.63,9.35,0.0,0.0,0.0,26.24,38.26,-21.84,-10.53,89.24,0.9996982148575215,1,0
-1.63,0.64,9.35,0.0,0.0,0.0,26.6,38.26,-21.84,-10.54,89.22,0.9996981949794277,1,0
-1.64,0.63,9.38,0.0,0.0,0.0,26.24,38.26,-21.49,-10.55,89.25,0.9996980486970451,1,0
-1.64,0.62,9.38,0.0,0.0,0.0,26.78,38.08,-21.67,-10.56,89.24,0.999697988553069,1,0
-1.66,0.62,9.38,0.0,0.0,0.0,25.7,38.79,-22.01,-10.54,89.22,0.9996979788688696,1,0
-1.62,0.65,9.36,0.0,0.0,0.0,26.06,37.0,-19.59,-11.58,89.44,0.9996979722428383,1,0
-1.62,0.63,9.35,0.0,0.0,0.0,25.88,38.61,-20.8,-10.53,89.22,0.9996979467581026,1,0
-1.64,0.63,9.36,0.0,0.0,0.0,25.7,38.44,-20.97,-10.56,89.25,0.9996979146473357,1,0
-1.65,0.61,9.38,0.0,0.0,0.0,26.06,37.0,-19.59,-11.55,89.43,0.9996979029243573,1,0
-1.63,0.65,9.39,0.0,0.0,0.0,26.6,38.97,-21.84,-10.57,89.23,0.9996978891626,1,0
-1.64,0.62,9.39,0.0,0.0,0.0,24.98,37.36,-20.97,-10.54,89.22,0.9996977770297633,1,0
-1.62,0.63,9.34,0.0,0.0,0.0,26.06,39.51,-20.97,-10.54,89.22,0.9996977551128906,1,0
-1.63,0.62,9.36,0.0,0.0,0.0,26.24,39.69,-21.49,-10.54,89.22,0.9996977530741118,1,0
-1.63,0.61,9.41,0.0,0.0,0.0,25.88,38.26,-20.45,-10.55,89.22,0.9996976868137991,1,0
-1.64,0.62,9.39,0.0,0.0,0.0,26.42,39.15,-20.63,-10.56,89.24,0.999697568054931,1,0
-1.63,0.63,9.38,0.0,0.0,0.0,25.7,38.79,-22.01,-10.54,89.22,0.9996975471574479,1,0
-1.63,0.63,9.38,0.0,0.0,0.0,26.42,38.44,-21.67,-10.55,89.24,0.9996974640772096,1,0
-1.66,0.63,9.4,0.0,0.0,0.0,26.42,39.51,-21.67,-10.55,89.24,0.999697415656212,1,0
-1.63,0.63,9.38,0.0,0.0,0.0,26.42,39.15,-20.97,-10.54,89.25,0.9996974080107912,1,0
-1.64,0.63,9.41,0.0,0.0,0.0,25.34,38.79,-23.05,-10.55,89.24,0.999697390681171,1,0
-1.64,0.62,9.36,0.0,0.0,0.0,25.34,38.79,-23.05,-10.55,89.24,0.9996973860939186,1,0
-1.63,0.61,9.39,0.0,0.0,0.0,26.06,37.72,-20.97,-10.54,89.22,0.9996973397116997,1,0
-1.63,0.63,9.36,0.0,0.0,0.0,25.88,38.97,-21.49,-10.55,89.24,0.99969726835444,1,0
-1.64,0.62,9.35,0.0,0.0,0.0,26.24,38.26,-21.84,-10.53,89.24,0.9996972275788629,1,0
-1.64,0.61,9.38,0.0,0.0,0.0,27.14,37.72,-21.67,-10.54,89.25,0.9996971694736656,1,0
-1.64,0.63,9.36,0.0,0.0,0.0,25.7,38.79,-22.01,-10.54,89.22,0.999697165396108,1,0
-1.62,0.63,9.38,0.0,0.0,0.0,25.88,39.69,-22.53,-10.55,89.24,0.9996970654959443,1,0
-1.62,0.61,9.35,0.0,0.0,0.0,26.96,38.61,-20.11,-10.55,89.25,0.999696837152713,1,0
-1.63,0.61,9.4,0.0,0.0,0.0,26.42,38.08,-20.97,-10.54,89.25,0.999696830016987,1,0
-1.63,0.63,9.38,0.0,0.0,0.0,26.6,38.61,-21.49,-10.53,89.22,0.9996967734408738,1,0
-1.64,0.62,9.39,0.0,0.0,0.0,25.7,37.72,-20.63,-10.54,89.22,0.9996967683439267,1,0
-1.64,0.62,9.4,0.0,0.0,0.0,26.24,37.54,-20.8,-10.55,89.24,0.9996966801667414,1,0
-1.64,0.64,9.36,0.0,0.0,0.0,25.52,38.61,-22.19,-10.55,89.24,0.9996965690532941,1,0
-1.65,0.63,9.38,0.0,0.0,0.0,26.24,40.04,-21.84,-10.56,89.24,0.9996965287874117,1,0
-1.64,0.63,9.35,0.0,0.0,0.0,26.6,39.33,-21.15,-10.54,89.25,0.999696524709854,1,0
-1.65,0.63,9.38,0.0,0.0,0.0,26.06,37.72,-20.97,-10.54,89.22,0.99969648750214,1,0
-1.65,0.63,9.39,0.0,0.0,0.0,25.88,38.61,-20.45,-10.56,89.23,0.9996963942280076,1,0
-1.64,0.64,9.36,0.0,0.0,0.0,26.42,38.08,-20.63,-10.55,89.24,0.9996963733305243,1,0
-1.64,0.65,9.36,0.0,0.0,0.0,26.96,38.61,-20.11,-10.55,89.25,0.9996963580396829,1,0
-1.63,0.61,9.36,0.0,0.0,0.0,25.16,39.33,-21.49,-10.54,89.22,0.9996963050314328,1,0
-1.63,0.64,9.38,0.0,0.0,0.0,24.98,38.44,-22.01,-10.56,89.22,0.999696240809899,1,0
-1.63,0.62,9.33,0.0,0.0,0.0,27.32,38.97,-20.8,-10.56,89.23,0.9996961347933988,1,0
-1.63,0.62,9.36,0.0,0.0,0.0,24.98,37.36,-20.97,-10.54,89.22,0.9996961225607256,1,0
-1.63,0.63,9.35,0.0,0.0,0.0,26.24,38.97,-21.15,-10.54,89.22,0.9996960873917905,1,0
-1.62,0.63,9.34,0.0,0.0,0.0,26.42,39.51,-22.01,-10.53,89.22,0.999696086372401,1,0
-1.62,0.63,9.36,0.0,0.0,0.0,26.24,38.26,-21.84,-10.53,89.24,0.9996960833142328,1,0
-1.63,0.64,9.38,0.0,0.0,0.0,28.05,38.26,-21.49,-10.55,89.25,0.9996960231702566,1,0
-1.63,0.62,9.36,0.0,0.0,0.0,25.7,38.79,-22.01,-10.54,89.22,0.9996960104278888,1,0
-1.65,0.63,9.35,0.0,0.0,0.0,26.06,39.51,-21.32,-10.55,89.25,0.9996958585388644,1,0
-1.64,0.62,9.36,0.0,0.0,0.0,26.06,38.79,-21.32,-10.53,89.22,0.999695758129006,1,0
-1.61,0.62,9.34,0.0,0.0,0.0,26.06,37.72,-20.97,-10.54,89.22,0.9996957387606069,1,0
-1.62,0.64,9.38,0.0,0.0,0.0,26.42,38.08,-20.97,-10.7,89.28,0.9996957234697655,1,0
-1.64,0.63,9.36,0.0,0.0,0.0,26.6,38.26,-20.45,-10.55,89.24,0.9996957199019025,1,0
-1.66,0.63,9.36,0.0,0.0,0.0,25.16,37.9,-21.15,-11.41,89.41,0.9996956923783881,1,0
-1.64,0.63,9.4,0.0,0.0,0.0,26.96,37.9,-20.8,-10.54,89.25,0.9996956261180754,1,0
-1.59,0.61,9.4,0.0,0.0,0.0,26.06,38.79,-21.32,-10.53,89.22,0.9996955746389095,1,0
-1.62,0.64,9.4,0.0,0.0,0.0,26.6,37.9,-21.15,-10.54,89.24,0.9996954900295871,1,0
-1.64,0.63,9.39,0.0,0.0,0.0,26.24,38.61,-21.49,-10.56,89.23,0.9996954543509572,1,0
-1.63,0.63,9.34,0.0,0.0,0.0,24.8,38.61,-21.49,-10.54,89.22,0.9996952744287236,1,0
-1.65,0.63,9.33,0.0,0.0,0.0,24.44,38.61,-22.19,-11.28,89.39,0.9996952713705554,1,0
-1.63,0.63,9.34,0.0,0.0,0.0,25.52,38.61,-21.84,-10.58,89.25,0.9996952637251346,1,0
-1.64,0.62,9.4,0.0,0.0,0.0,27.69,38.26,-21.15,-10.56,89.23,0.999695218872,1,0
-1.62,0.63,9.34,0.0,0.0,0.0,26.06,39.51,-20.97,-10.54,89.22,0.9996951928775696,1,0
-1.64,0.63,9.35,0.0,0.0,0.0,26.6,38.97,-20.8,-10.56,89.23,0.999695145985656,1,0
-1.63,0.6,9.39,0.0,0.0,0.0,26.42,38.79,-21.32,-10.53,89.21,0.9996951082682473,1,0
-1.61,0.62,9.34,0.0,0.0,0.0,26.06,38.79,-21.32,-10.53,89.22,0.9996950909386271,1,0
-1.64,0.63,9.38,0.0,0.0,0.0,24.44,38.61,-22.19,-11.22,89.37,0.9996948080580614,1,0
-1.63,0.63,9.36,0.0,0.0,0.0,24.98,37.36,-20.97,-10.54,89.22,0.9996947815539364,1,0
-1.64,0.61,9.39,0.0,0.0,0.0,25.52,37.54,-21.49,-10.56,89.24,0.9996947336426334,1,0
-1.64,0.62,9.36,0.0,0.0,0.0,26.6,38.97,-21.84,-10.56,89.23,0.9996947214099603,1,0
-1.64,0.62,9.36,0.0,0.0,0.0,26.06,37.72,-20.28,-10.53,89.22,0.9996947091772872,1,0
-1.63,0.62,9.38,0.0,0.0,0.0,26.24,38.61,-22.19,-10.54,89.21,0.9996947035706453,1,0
-1.63,0.63,9.34,0.0,0.0,0.0,24.8,38.61,-21.49,-10.54,89.22,0.9996946179419336,1,0
-1.64,0.63,9.39,0.0,0.0,0.0,26.78,38.44,-20.28,-10.54,89.22,0.9996946159031548,1,0
-1.63,0.64,9.39,0.0,0.0,0.0,25.88,39.69,-22.53,-10.55,89.23,0.99969452670658,1,0
-1.63,0.62,9.42,0.0,0.0,0.0,27.69,38.26,-21.15,-10.56,89.23,0.9996945032606233,1,0
-1.64,0.62,9.39,0.0,0.0,0.0,25.34,38.79,-20.97,-10.53,89.22,0.9996944675819933,1,0
-1.64,0.63,9.36,0.0,0.0,0.0,24.8,38.61,-21.49,-10.53,89.22,0.9996944268064163,1,0
-1.62,0.62,9.36,0.0,0.0,0.0,26.6,38.26,-21.84,-10.54,89.22,0.9996944217094692,1,0
-1.61,0.63,9.38,0.0,0.0,0.0,26.24,39.69,-21.49,-10.54,89.22,0.9996943146735795,1,0
-1.63,0.63,9.34,0.0,0.0,0.0,25.88,39.69,-22.53,-10.55,89.24,0.9996942973439592,1,0
-1.63,0.61,9.36,0.0,0.0,0.0,24.98,39.15,-21.67,-10.55,89.23,0.9996942468841827,1,0
-1.61,0.63,9.38,0.0,0.0,0.0,26.6,39.69,-21.15,-10.55,89.25,0.9996938987626939,1,0
-1.66,0.63,9.4,0.0,0.0,0.0,26.42,39.51,-21.67,-10.55,89.24,0.999693889588189,1,0
-1.62,0.61,9.39,0.0,0.0,0.0,26.42,38.79,-21.32,-10.53,89.21,0.9996938661422322,1,0
-1.64,0.62,9.36,0.0,0.0,0.0,25.7,37.72,-22.36,-10.55,89.24,0.9996938544192538,1,0
-1.66,0.63,9.38,0.0,0.0,0.0,26.24,38.26,-21.49,-10.55,89.25,0.9996937198598497,1,0
-1.65,0.64,9.35,0.0,0.0,0.0,26.42,38.44,-21.67,-10.56,89.24,0.9996936500316741,1,0
-1.63,0.63,9.34,0.0,0.0,0.0,25.88,39.69,-22.53,-10.55,89.24,0.9996936276051067,1,0
-1.64,0.63,9.36,0.0,0.0,0.0,26.42,38.08,-20.63,-10.55,89.24,0.9996935435054791,1,0
-1.62,0.61,9.36,0.0,0.0,0.0,27.14,37.72,-21.67,-10.54,89.25,0.999693483361503,1,0
-1.65,0.62,9.36,0.0,0.0,0.0,24.44,38.61,-22.19,-11.24,89.38,0.9996934828518083,1,0
-1.62,0.62,9.36,0.0,0.0,0.0,26.24,38.61,-22.19,-10.54,89.21,0.9996932866193439,1,0
-1.64,0.62,9.36,0.0,0.0,0.0,26.24,39.69,-21.49,-10.54,89.22,0.9996932458437668,1,0
-1.64,0.62,9.36,0.0,0.0,0.0,26.24,38.26,-21.49,-10.55,89.25,0.9996932045584951,1,0
-1.62,0.64,9.35,0.0,0.0,0.0,24.62,39.51,-22.36,-10.53,89.21,0.9996932015003268,1,0
-1.64,0.63,9.35,0.0,0.0,0.0,26.24,38.61,-22.19,-10.54,89.21,0.9996931454339084,1,0
-1.63,0.61,9.36,0.0,0.0,0.0,25.52,38.97,-20.8,-10.55,89.24,0.9996931347303194,1,0
-1.63,0.63,9.35,0.0,0.0,0.0,25.7,39.15,-21.67,-10.55,89.23,0.9996931326915406,1,0
-1.62,0.64,9.38,0.0,0.0,0.0,26.6,37.9,-21.15,-10.54,89.24,0.9996931138328362,1,0
-1.64,0.63,9.36,0.0,0.0,0.0,27.69,37.9,-20.45,-10.54,89.25,0.9996929558274753,1,0
-1.64,0.63,9.36,0.0,0.0,0.0,25.7,38.79,-22.01,-10.54,89.22,0.999692727484244,1,0
-1.63,0.63,9.35,0.0,0.0,0.0,25.34,39.15,-21.32,-10.56,89.24,0.9996926403264481,1,0
-1.64,0.63,9.36,0.0,0.0,0.0,26.06,39.51,-20.97,-10.54,89.22,0.9996926036284287,1,0
-1.64,0.64,9.36,0.0,0.0,0.0,26.6,39.69,-21.15,-10.55,89.25,0.9996925791630825,1,0
-1.64,0.62,9.4,0.0,0.0,0.0,27.69,38.26,-21.15,-10.56,89.23,0.9996925771243037,1,0
-1.63,0.63,9.39,0.0,0.0,0.0,25.7,39.15,-20.97,-10.53,89.24,0.9996925608140729,1,0
-1.64,0.62,9.34,0.0,0.0,0.0,25.7,38.44,-21.32,-10.54,89.22,0.999692514431854,1,0
-1.64,0.63,9.36,0.0,0.0,0.0,26.42,38.08,-20.97,-10.54,89.25,0.9996924991410127,1,0
-1.63,0.63,9.36,0.0,0.0,0.0,24.98,37.36,-20.97,-10.54,89.22,0.9996924863986448,1,0
-1.64,0.63,9.36,0.0,0.0,0.0,24.8,38.61,-21.49,-10.53,89.22,0.999692480792003,1,0
-1.64,0.6,9.36,0.0,0.0,0.0,26.42,39.51,-21.67,-10.55,89.24,0.9996924022990172,1,0
-1.63,0.63,9.39,0.0,0.0,0.0,27.14,37.72,-21.67,-10.54,89.25,0.9996922381773197,1,0
-1.63,0.63,9.36,0.0,0.0,0.0,26.24,38.97,-21.15,-10.56,89.24,0.9996922081053317,1,0
-1.59,0.61,9.35,0.0,0.0,0.0,26.06,38.79,-20.97,-10.53,89.23,0.9996921887369326,1,0
-1.62,0.62,9.36,0.0,0.0,0.0,27.14,37.72,-21.67,-10.54,89.25,0.9996921800721225,1,0
-1.63,0.62,9.33,0.0,0.0,0.0,25.52,39.33,-21.49,-10.55,89.24,0.9996921586649445,1,0
-1.64,0.64,9.36,0.0,0.0,0.0,25.52,38.61,-21.84,-10.58,89.25,0.9996921036179155,1,0
-1.63,0.63,9.38,0.0,0.0,0.0,27.51,38.44,-20.28,-10.54,89.22,0.9996920653908121,1,0
-1.64,0.63,9.36,0.0,0.0,0.0,26.96,37.9,-20.8,-10.54,89.25,0.999692031750961,1,0
-1.62,0.62,9.36,0.0,0.0,0.0,25.7,37.72,-22.36,-10.55,89.25,0.9996919318507973,1,0
-1.62,0.64,9.38,0.0,0.0,0.0,26.42,38.08,-20.97,-10.7,89.28,0.9996918696680424,1,0
-1.64,0.63,9.35,0.0,0.0,0.0,26.6,39.69,-21.15,-10.58,89.25,0.9996918339894125,1,0
-1.64,0.61,9.36,0.0,0.0,0.0,26.6,38.97,-21.49,-10.52,89.22,0.9996917172693233,1,0
-1.63,0.63,9.39,0.0,0.0,0.0,25.7,39.15,-20.97,-10.53,89.24,0.9996917091142079,1,0
-1.62,0.62,9.35,0.0,0.0,0.0,25.16,38.26,-21.84,-11.71,89.47,0.9996917091142079,1,0
-1.64,0.63,9.34,0.0,0.0,0.0,25.34,38.79,-21.32,-10.69,89.27,0.9996916138012966,1,0
